Name,Address,Phone,Website,Email(s),Owner/Manager,Rating,Reviews,Google Maps URL
Hallmark Inn & Suites Newly Renovated Rooms San Antonio Northeast,"6370 I-35, San Antonio, TX 78218",(726) 200-6711,http://hallmarkinn.mydirectstay.com/,hallmark@cbkzz.com,,3.4,283,https://serpapi.com/search.json?engine=google_maps&google_domain=google.com&hl=en&place_id=ChIJx4xhWoP0XIYRnV_ZEfoAN6U
Studio Suites,"5530 I-10, San Antonio, TX 78219",(210) 662-6691,http://www.studiosuitessa.com/,reservations.studiosuites@gmail.com,,4.4,525,https://serpapi.com/search.json?engine=google_maps&google_domain=google.com&hl=en&place_id=ChIJydUqbw_zXIYRDwVrTkL2L9M
Americas Best Value Inn - Frost Bank Center,"3645 N PanAm Expy, San Antonio, TX 78219",(210) 223-0001,https://www.redlion.com/americas-best-value-inn/tx/san-antonio/americas-best-value-inn-att-center,sales@redlion.com,,2.9,983,https://serpapi.com/search.json?engine=google_maps&google_domain=google.com&hl=en&place_id=ChIJvQR5ADn0XIYR32HP-S_HbWE
Economy Hotel San Antonio,"9603 I-35 Frontage Rd, San Antonio, TX 78233",(678) 978-1366,https://economyhotelusa.com/,,,2.8,303,https://serpapi.com/search.json?engine=google_maps&google_domain=google.com&hl=en&place_id=ChIJL3D796qMXIYR1GDDWBn5e4g
Pinn Road Inn & Suites Lackland AFB and seaworld,"2327 Pinn Rd, San Antonio, TX 78227",(210) 670-1374,http://www.pinnroadinn.com/,,was super helpful as well even with my last minute changes,4,381,https://serpapi.com/search.json?engine=google_maps&google_domain=google.com&hl=en&place_id=ChIJ_d2a93pbXIYRIuFqyaTdgXk
HomeTowne Studios San Antonio E - Frost Bank Center,"4403 I-10, San Antonio, TX 78219",(726) 999-1922,https://www.redroof.com/extendedstay/hometownestudios/property/tx/san-antonio/HTS683?utm_source=GMB&utm_medium=Google&utm_campaign=GMB_Performance_HTS683,"%20guestin@redroof.com, guestin@redroof.com",,4.1,192,https://serpapi.com/search.json?engine=google_maps&google_domain=google.com&hl=en&place_id=ChIJUeASZpv1XIYR0DGeMfU3p8Y
River Inn Motel,"909 S Frio St, San Antonio, TX 78207",(210) 212-5054,https://www.riverinnmoteldowntown.com/,,,3.9,28,https://serpapi.com/search.json?engine=google_maps&google_domain=google.com&hl=en&place_id=ChIJQ4XONQBZXIYRTYYbfIp7Fj0
The Inn & Studios Downtown,"1500 I-35, San Antonio, TX 78204",(210) 271-3334,https://www.theinnatmarketsquare.xyz/,,,2.8,867,https://serpapi.com/search.json?engine=google_maps&google_domain=google.com&hl=en&place_id=ChIJz1rXQfD1XIYRlnuldo3vjVY
University Inn & Suites San Antonio,"13575 I-10, San Antonio, TX 78249",(210) 690-5500,https://www.universityinnsuitessanantonio.com/,,,3.5,243,https://serpapi.com/search.json?engine=google_maps&google_domain=google.com&hl=en&place_id=ChIJ11cFvW1nXIYRLiW-ACDk66U
Homegate Studios & Suites San Antonio Medical Center,"10950 Laureate Dr, San Antonio, TX 78249",(227) 206-6221,https://www.oyorooms.com/us/332145/?utm_source=GMB&utm_medium=Organic&utm_campaign=US_SAO065,,,2.7,0,https://serpapi.com/search.json?engine=google_maps&google_domain=google.com&hl=en&place_id=ChIJGb4qzjpnXIYRB-SCeCZISOc
City View Inn & Suites,"1306 E Commerce St, San Antonio, TX 78205",(210) 222-2220,http://sahotelvisit.com/city-view-inn-suites/,,,3.8,0,https://serpapi.com/search.json?engine=google_maps&google_domain=google.com&hl=en&place_id=ChIJSToMfQb2XIYRkZYTXiol9no
La Villita Inn,"736 S St Mary's St, San Antonio, TX 78205",(210) 798-1121,http://lavillitainn.com/,,,3.2,0,https://serpapi.com/search.json?engine=google_maps&google_domain=google.com&hl=en&place_id=ChIJcclo1a5YXIYRtnFq4AnNhZU
The Crockett Hotel,"320 Bonham Suite #2, San Antonio, TX 78205",(210) 225-6500,https://www.crocketthotel.com/?utm_source=google&utm_medium=organic&utm_campaign=business-listing,reservations@crocketthotel.com,Crockett Hotel,4.4,0,https://serpapi.com/search.json?engine=google_maps&google_domain=google.com&hl=en&place_id=ChIJCWResapYXIYR6fCu-9XRMEk
Americas Best Value Inn San Antonio Downtown Riverwalk,"2203 E Commerce St, San Antonio, TX 78203",(210) 227-2203,https://www.sonesta.com/americas-best-value-inn/tx/san-antonio/americas-best-value-inn-san-antonio-downtown-riverwalk?utm_source=google&utm_medium=organic&utm_campaign=gmb,sales@redlion.com,,3.4,0,https://serpapi.com/search.json?engine=google_maps&google_domain=google.com&hl=en&place_id=ChIJVZR63rX3XIYR9dxXd14PIvo
La Hacienda Inn near Alamodome & Riverwalk,"1524 E Commerce St, San Antonio, TX 78205",(210) 272-0391,https://www.lahaciendainnalamodome.com/,,,4.2,0,https://serpapi.com/search.json?engine=google_maps&google_domain=google.com&hl=en&place_id=ChIJRbokSQ_2XIYRNPbISvtB2GQ
Riverwalk Plaza Hotel,"100 Villita St, San Antonio, TX 78205",(210) 225-1234,https://www.riverwalkplaza.com/,,,3.8,0,https://serpapi.com/search.json?engine=google_maps&google_domain=google.com&hl=en&place_id=ChIJnRWhBa1YXIYReQg4LVjL85w
HomeTowne Studios San Antonio - Seaworld/Northwest,"6880 Northwest Loop 410 Building B, San Antonio, TX 78238",(210) 507-2094,https://www.redroof.com/extendedstay/hometownestudios/property/tx/san-antonio/HTS1298?utm_source=GMB&utm_medium=Google&utm_campaign=GMB_Performance_HTS1298,"%20guestin@redroof.com, guestin@redroof.com",,3.7,36,https://serpapi.com/search.json?engine=google_maps&google_domain=google.com&hl=en&place_id=ChIJ31KAly1dXIYRzT04CaRR-U0
Star Inn Hotel Sea World,"6360 Northwest Loop 410, San Antonio, TX 78238",(210) 647-8000,https://starinnsa.square.site/,,,3.1,551,https://serpapi.com/search.json?engine=google_maps&google_domain=google.com&hl=en&place_id=ChIJzwegmgBdXIYRlBAa4nIvLhw
Flex Studios Culebra,"7134 Northwest Loop 410, San Antonio, TX 78238",(210) 680-8883,https://www.flexstudiossa.com/,reservations.flexstudiosculebra@gmail.com,,4.1,148,https://serpapi.com/search.json?engine=google_maps&google_domain=google.com&hl=en&place_id=ChIJEdd3IOVcXIYROlcQ8puyOt0
Home Suites Hill Country,"19793 I-10 W, San Antonio, TX 78257",(210) 698-3991,https://www.homesuites.com/Hill-Country,,,4.1,698,https://serpapi.com/search.json?engine=google_maps&google_domain=google.com&hl=en&place_id=ChIJXVDVI0pkXIYRKNRVW_BxFXg
Ranch Motel & Leisure Club,"3101 Broadway, San Antonio, TX 78209",(210) 429-8518,http://ranchmotel.com/,"heather@ranchmotel.com, joey@ranchmotel.com, info@ranchmotel.com",,4.7,192,https://serpapi.com/search.json?engine=google_maps&google_domain=google.com&hl=en&place_id=ChIJw7y15_z1XIYRTZBVU51v1Ek
Super 7 Inn San Antonio N.W. Medical Center,"3414 Fredericksburg Rd, San Antonio, TX 78201",(210) 512-8274,https://www.oyorooms.com/us/258786/?checkin=13%2F12%2F2025&checkout=14%2F12%2F2025&rooms=1&guests=1&rooms_config=1-1_0,,,3.1,131,https://serpapi.com/search.json?engine=google_maps&google_domain=google.com&hl=en&place_id=ChIJKYrgL1FeXIYR_1fqOX7lNOI
Americas Best Value Inn San Antonio Airport South,"942 NE Interstate 410 Loop, San Antonio, TX 78209",(210) 538-5338,https://www.sonesta.com/americas-best-value-inn/tx/san-antonio/americas-best-value-inn-san-antonio-airport-south?utm_source=google&utm_medium=organic&utm_campaign=gmb,sales@redlion.com,,4.7,127,https://serpapi.com/search.json?engine=google_maps&google_domain=google.com&hl=en&place_id=ChIJ-330ujX1XIYRe8qA3HJyKS4
Boerne Inn and Suites,"35150 I-10, Boerne, TX 78006",(830) 249-9791,https://www.boerneinnandsuites.com/,,,4.5,12,https://serpapi.com/search.json?engine=google_maps&google_domain=google.com&hl=en&place_id=ChIJq7NMok13XIYRvg0_eJAZGcU
The Kendall,"128 W Blanco Rd, Boerne, TX 78006",(830) 249-2138,https://thekendalltx.com/,info@2n9.201.myftpupload.com,,4.6,365,https://serpapi.com/search.json?engine=google_maps&google_domain=google.com&hl=en&place_id=ChIJmw4akLt2XIYRXUCivFSUuwo
The Vaquero Motel,"1103 Maple St, Bandera, TX 78003",(830) 328-5110,http://www.thevaqueromotel.com/,,,4.5,363,https://serpapi.com/search.json?engine=google_maps&google_domain=google.com&hl=en&place_id=ChIJL6d1p0UEXIYRyBbmBmBhZYo
Duck Inn,"609 Plant Ave, Boerne, TX 78006",(210) 326-0679,https://www.ci.boerne.tx.us/1613/Duck-Inn,,,5,7,https://serpapi.com/search.json?engine=google_maps&google_domain=google.com&hl=en&place_id=ChIJlZJJ6cd2XIYRP0X0-nsvjCQ
Executive Inn,"32 US-87, Comfort, TX 78013",(830) 995-5332,http://www.comfortexecutiveinn.com/,,,3,172,https://serpapi.com/search.json?engine=google_maps&google_domain=google.com&hl=en&place_id=ChIJ2UVjNsfzW4YRtBp2LUWlXj0
Alamo Fiesta RV Resort,"33000 I-10, Boerne, TX 78006",(830) 249-4700,http://www.alamofiestarv.com/,alamofiestarvs@gmail.com,,3.9,383,https://serpapi.com/search.json?engine=google_maps&google_domain=google.com&hl=en&place_id=ChIJccnTgDpxXIYRP0wj7wLuF9k
Texas Inn,"807 E Kingsbury St, Seguin, TX 78155",(830) 379-2363,https://www.booking.com/hotel/us/texas-inn-seguin.html,,,3.6,0,https://serpapi.com/search.json?engine=google_maps&google_domain=google.com&hl=en&place_id=ChIJr98IkTK3XIYR-8g2fm8D6-o
Coachway Inn,"1908 E Pierce St, Luling, TX 78648",(830) 875-5635,http://coachwayinn.net/?utm_source=gmb&utm_medium=referral,,,3.4,0,https://serpapi.com/search.json?engine=google_maps&google_domain=google.com&hl=en&place_id=ChIJA7NR20dPQ4YRg0-zUuvqz2M
Americas Best Value Inn New Braunfels San Antonio,"808 TX-46, New Braunfels, TX 78130",(830) 625-3932,https://www.redlion.com/americas-best-value-inn/tx/new-braunfels/americas-best-value-inn-new-braunfels-san-antonio,sales@redlion.com,,3.4,0,https://serpapi.com/search.json?engine=google_maps&google_domain=google.com&hl=en&place_id=ChIJw_9kFR69XIYRlSWA7YgS89Y
River Shade RV Park,"3995 TX-123, Seguin, TX 78155",(830) 379-8826,http://www.rivershadervpark.net/,,,4.3,0,https://serpapi.com/search.json?engine=google_maps&google_domain=google.com&hl=en&place_id=ChIJBRFSxuW3XIYR5ZVE7_4gGsI
Life Is Gruene,"1210 Sleepy Hollow Lane, New Braunfels, TX 78130",(210) 393-5570,http://www.cozivr.com/,,,5,0,https://serpapi.com/search.json?engine=google_maps&google_domain=google.com&hl=en&place_id=ChIJAQB8TMqiXIYR7eWra9KejHM
Eagle Ford Inn,"1700 10th St, Floresville, TX 78114",(830) 393-5100,http://www.eaglefordinn.com/,,,4.3,23,https://serpapi.com/search.json?engine=google_maps&google_domain=google.com&hl=en&place_id=ChIJqWQHZ5AfXYYRy5NgPIpJlEg
Hillside Boutique Hotel,"1651 US-90 West, Castroville, TX 78009",(830) 538-3200,http://www.hillsidetexas.com/,stay@hillsidetexas.com,,4.3,705,https://serpapi.com/search.json?engine=google_maps&google_domain=google.com&hl=en&place_id=ChIJz8vUZp85XIYR7G9DSZldj9Q
Regency Inn Hondo,"401 US-90, Hondo, TX 78861",(830) 426-3031,http://www.regencyinnhondo.com/,regencyinn17@gmail.com,,3.4,42,https://serpapi.com/search.json?engine=google_maps&google_domain=google.com&hl=en&place_id=ChIJQ0s5Fa0nXIYRlsL0G4375d4
Landmark Inn State Historic Site,"402 Florence St, Castroville, TX 78009",(830) 931-2133,https://thc.texas.gov/historic-sites/landmark-inn,"museums@thc.texas.gov, downtowntx@thc.texas.gov, easements@thc.texas.gov, tasn@thc.texas.gov, cfar@thc.texas.gov, hr@thc.texas.gov, ttba@thc.texas.gov, community-heritage@thc.texas.gov, thgaac@thgaac.texas.gov, tribal@thc.texas.gov, thcheritagetourism@thc.texas.gov, history@thc.texas.gov, markers@thc.texas.gov, charles.peveto@thc.texas.gov, cemeterypreservation@thc.texas.gov, awards@thc.texas.gov, justin.kockritz@thc.texas.gov, archeology@thc.texas.gov, cfcp@thc.texas.gov, nr@thc.texas.gov, historictaxcredits@thc.texas.gov, admin@thc.texas.gov, historicresourcessurvey@thc.texas.gov, historic-sites@thc.texas.gov, courthouse_program@thc.texas.gov, historichighways@thc.texas.gov, amy.borgens@thc.texas.gov, caitlin.brashear@thc.texas.gov, chcoutreach@thc.texas.gov, militaryhistory@thc.texas.gov, procurement@thc.texas.gov, landmarkinnstaff@thc.texas.gov, marine.archeology@thc.texas.gov, architecture@thc.texas.gov, mainstreet@thc.texas.gov, clg@thc.texas.gov, tam@thc.texas.gov, thc@thc.texas.gov, alexander.shane@thc.texas.gov, communications@thc.texas.gov, tptfgrant@thc.texas.gov, finance@thc.texas.gov",,4.7,126,https://serpapi.com/search.json?engine=google_maps&google_domain=google.com&hl=en&place_id=ChIJ70Sws_g4XIYRfVi6eLEI8eg
The La Coste City Hotel,"11280 Castro Ave, Lacoste, TX 78039",(830) 715-5516,http://lacostehotel.com/,lacostecityhotel@gmail.com,,4.5,94,https://serpapi.com/search.json?engine=google_maps&google_domain=google.com&hl=en&place_id=ChIJm6sFVkJJXIYR-S6WMZUEZDE
Alsatian RV Resort,"1581 Co Rd 4516, Castroville, TX 78009",(830) 931-9190,http://www.alsatianresort.com/,info@alsatianresort.com,,4.4,226,https://serpapi.com/search.json?engine=google_maps&google_domain=google.com&hl=en&place_id=ChIJ79kadMY7XIYRUfT7IJJzOpA
Travel Inn Lackland Sea World,"6543 West Old, US-90, San Antonio, TX 78227",(210) 674-7760,"https://www.booking.com/hotel/us/travel-inn-lackland-sea-world.html?aid=304142&label=gen173nr-1DCAEoggI46AdIM1gEaLACiAECmAExuAEYyAEN2AED6AEB-AECiAIBqAIEuALiyqygBsACAdICJDc0Y2RiMjMyLWEyNjctNDdkNy1hZWFkLTU2ZTNkN2Y5ODM3NNgCBOACAQ&sid=706bc3f6e9f4e4c0abcf02e4772dbe7b&all_sr_blocks=965095304_369031073_2_0_0;checkin=2023-03-10;checkout=2023-03-11;dest_id=9650953;dest_type=hotel;dist=0;group_adults=2;group_children=0;hapos=1;highlighted_blocks=965095304_369031073_2_0_0;hpos=1;matching_block_id=965095304_369031073_2_0_0;no_rooms=1;req_adults=2;req_children=0;room1=A,A;sb_price_type=total;sr_order=popularity;sr_pri_blocks=965095304_369031073_2_0_0__7439;srepoch=1678452094;srpvid=a8c5593e50d204eb;type=total;ucfs=1&",,,3.2,227,https://serpapi.com/search.json?engine=google_maps&google_domain=google.com&hl=en&place_id=ChIJs2tv0HlbXIYRkjwpJOjyj-s
Big Oak RV Park,"2261 US-90, Castroville, TX 78009",(830) 521-9111,https://bigoakrvpark.wixsite.com/borv,bigoakrvparkcastroville@gmail.com,,4.9,21,https://serpapi.com/search.json?engine=google_maps&google_domain=google.com&hl=en&place_id=ChIJBTGB1905XIYRLPPv9lXVTrc
Medina River RV Park,"2172 Co Rd 4713, Lacoste, TX 78039",(817) 247-3282,http://medinariverrvpark.com/,medinariverrvpark@outlook.com,,4.5,58,https://serpapi.com/search.json?engine=google_maps&google_domain=google.com&hl=en&place_id=ChIJ-xRQlhM4XIYRwmclDS9Xblk
Tejas Valley RV Park,"13080 Potranco Rd, San Antonio, TX 78253",(210) 679-7715,https://www.tejasvalleyrvpark.com/,,,4,112,https://serpapi.com/search.json?engine=google_maps&google_domain=google.com&hl=en&place_id=ChIJG9vlTP9BXIYRBEa2xHZIJew
Patriot RV Park - San Antonio SW,"16321 Shepherd Rd, Atascosa, TX 78002",(726) 777-6904,https://patriotrvparks.com/san-antonio-sw-texas?utm_source=GMB&utm_medium=organic&utm_campaign=Lead_Generation&utm_content=SASW,"info@patriotrvparks.com, charity@patriotrvparks.com, sanantoniosw@patriotrvparks.com","Park Host 
 Maintenance  
 Landscaping 
 Part",4.7,101,https://serpapi.com/search.json?engine=google_maps&google_domain=google.com&hl=en&place_id=ChIJ00UosHZPXIYR12miNZiTOpU
Dominion Oaks RV Park,"10586 Marbach Rd, San Antonio, TX 78245",(210) 201-3701,https://dominionoaksrvpark.com/,info@dominionoaksrvpark.com,,4.7,32,https://serpapi.com/search.json?engine=google_maps&google_domain=google.com&hl=en&place_id=ChIJ65pfgulFXIYRx-D8bahPfEE
Culebra Motel,"5812 Culebra Rd, San Antonio, TX 78228",(210) 431-9906,http://culebra-motel.poi.place/,,,3.6,74,https://serpapi.com/search.json?engine=google_maps&google_domain=google.com&hl=en&place_id=ChIJe_MVFkRcXIYROIjooda3f7o
Americas Best Value Inn Waco,"4201 Franklin Ave, Waco, TX 76710",(254) 772-9440,https://www.sonesta.com/americas-best-value-inn/tx/waco/americas-best-value-inn-waco?utm_source=google&utm_medium=organic&utm_campaign=gmb,sales@redlion.com,,3.5,508,https://serpapi.com/search.json?engine=google_maps&google_domain=google.com&hl=en&place_id=ChIJd3EHWeSDT4YRwprfQkKhAOo
Robinson Inn and Suites,"1167 Sun Valley Blvd, Robinson, TX 76706",(254) 662-4000,https://www.robinsoninnandsuites.com/,,,2.9,359,https://serpapi.com/search.json?engine=google_maps&google_domain=google.com&hl=en&place_id=ChIJI5JGJM-AT4YRKlx-ErGK_jg
Pivovar,"320 S 8th St, Waco, TX 76701",(254) 224-6552,https://www.pivovar.com/,,,4.5,629,https://serpapi.com/search.json?engine=google_maps&google_domain=google.com&hl=en&place_id=ChIJVQqEfRGDT4YRuzaBhLdnH3U
Americas Best Value Inn Hillsboro,"307 I-35 Hwy NW, Close to Pizza Hut, HWY NW, Hillsboro, TX 76645",(254) 580-2426,https://www.sonesta.com/americas-best-value-inn/tx/hillsboro/americas-best-value-inn-hillsboro?utm_source=google&utm_medium=organic&utm_campaign=gmb,sales@redlion.com,,3.4,280,https://serpapi.com/search.json?engine=google_maps&google_domain=google.com&hl=en&place_id=ChIJo_Sh7BKpT4YR0s23gs8J7MA
Carr Motel,"100 Corsicana Hwy, Hillsboro, TX 76645",(254) 582-9600,https://carrmotel.com/,,,3,43,https://serpapi.com/search.json?engine=google_maps&google_domain=google.com&hl=en&place_id=ChIJlXgTlFuoT4YRFUjJ2SUI6Ws
Pecan Creek RV Park,"600 County Rd 4235, Hillsboro, TX 76645",(254) 523-0996,https://pecancreekrv.com/,office@pecancreekrv.com,,4.7,21,https://serpapi.com/search.json?engine=google_maps&google_domain=google.com&hl=en&place_id=ChIJKaS62EIBT4YRG4BULqDtwPM
The Pecan Tree Inn,"8451 Gholson Rd, Waco, TX 76705",(254) 723-8539,http://thepecantreeinn.com/contact.htm,,,4.9,19,https://serpapi.com/search.json?engine=google_maps&google_domain=google.com&hl=en&place_id=ChIJGzpnFEecT4YRAFYzRO_9uyE
Magnolia RV Resort,"3096 New Dallas Hwy, Waco, TX 76705",(254) 799-3105,http://magnoliarvresort.com/,,,4.7,271,https://serpapi.com/search.json?engine=google_maps&google_domain=google.com&hl=en&place_id=ChIJH4pmYHWdT4YRap1lBYydjd0
The Halbert Inn,"238 Halbert Ln, Waco, TX 76705",(254) 300-3355,https://www.thehalbertinn.com/,"jacobtindell83@gmail.com, info@mohawkvalleyinn.com",,4.9,8,https://serpapi.com/search.json?engine=google_maps&google_domain=google.com&hl=en&place_id=ChIJEZcGK0idT4YRyoTpJohFFfk
Spring Lakes Ranch,"3662 Patton Lake Rd, Aquilla, TX 76622",(254) 203-5082,https://springlakesranch.com/,info@springlakesranch.com,,5,78,https://serpapi.com/search.json?engine=google_maps&google_domain=google.com&hl=en&place_id=ChIJdbWBeAyZT4YRppHRb55ELmU
North Crest RV Park & Propane,"1123 N Lacy Dr, Waco, TX 76705",(254) 799-3963,https://northcrestrvpark.com/,,,4.6,335,https://serpapi.com/search.json?engine=google_maps&google_domain=google.com&hl=en&place_id=ChIJcd9o3HqdT4YRclCsfCK4J1k
Western Motel,"1201 E Texas Ave, Mart, TX 76664",(832) 289-7708,https://www.facebook.com/pages/Western-Motel/104952912881850,,,3.3,0,https://serpapi.com/search.json?engine=google_maps&google_domain=google.com&hl=en&place_id=ChIJl3iLxa9mT4YR7vtCvBomt6Y
Kingsway Inn,"511 New Dallas Hwy, Waco, TX 76705",(254) 799-5541,https://kingswayinnwacotx.com/,,,3,0,https://serpapi.com/search.json?engine=google_maps&google_domain=google.com&hl=en&place_id=ChIJp0LPtLSCT4YRUpLlQnAXFhU
Grand Texan Hotel & Convention Center,"4300 W Wall St, Midland, TX 79703",(432) 618-9000,https://grandtexanhotel.com/,info@grandtexanhotel.com,,3.1,1264,https://serpapi.com/search.json?engine=google_maps&google_domain=google.com&hl=en&place_id=ChIJd35GL8nZ-4YRPWREFPbPXk8
Victorian Inn Midland,"4714 W Wall St, Midland, TX 79703",(432) 699-7727,https://victorianinnmidland.blogspot.com/,,,2.5,347,https://serpapi.com/search.json?engine=google_maps&google_domain=google.com&hl=en&place_id=ChIJQ1qsW8PZ-4YR5GE6MNBnNUU
Plaza Inn Midland,"4108 N Big Spring St, Midland, TX 79705",(432) 686-8733,http://www.plazainnmidland.us/,,,3.4,298,https://serpapi.com/search.json?engine=google_maps&google_domain=google.com&hl=en&place_id=ChIJA76tVbDY-4YR-C1UVK-KCoo
Custom Touch Village,"8703 E Hwy 80, Midland, TX 79706",(432) 227-1181,http://www.customtouchvillage.com/,,,4.3,170,https://serpapi.com/search.json?engine=google_maps&google_domain=google.com&hl=en&place_id=ChIJo0OFbQ9n-YYRZxjYwFNQNAQ
Quality Suites Midland North Loop 250,"4706 N Garfield St, Midland, TX 79705",(432) 897-2738,https://www.choicehotels.com/texas/midland/quality-inn-hotels/tx476?mc=llgoxxpx,,,4,345,https://serpapi.com/search.json?engine=google_maps&google_domain=google.com&hl=en&place_id=ChIJMWizRtTY-4YRzM9Cw3lM0X4
Target Hospitality - Midland Lodge,"11508 W County Rd 33, Midland, TX 79707",(432) 448-5640,http://www.targethospitality.com/,,,3.1,529,https://serpapi.com/search.json?engine=google_maps&google_domain=google.com&hl=en&place_id=ChIJmZcvOkLD-4YR9MxRaCbb5E8
Deluxe Inn Odessa,"1518 S Grant Ave, Odessa, TX 79761",(432) 333-1486,http://www.deluxeinnodessa.com/,reservation@deluxeinnodessa.com,,3.3,235,https://serpapi.com/search.json?engine=google_maps&google_domain=google.com&hl=en&place_id=ChIJl0GADvDL-4YRuaj2jxXlHmE
Villa West Inn,"300 W Pool Rd, Odessa, TX 79761",(432) 335-5055,https://villawestinntexas.com/,info@company.co,,3.6,132,https://serpapi.com/search.json?engine=google_maps&google_domain=google.com&hl=en&place_id=ChIJJS7Welx58IYR6wILdFsKaAU
MCM Grande Hotel & Fun Dome Odessa,"6201 I-20BL, Odessa, TX 79762",(432) 362-2311,https://www.mcmgrandeodessa.com/,mail@mcmgrande.com,,4,2323,https://serpapi.com/search.json?engine=google_maps&google_domain=google.com&hl=en&place_id=ChIJ1QoLK_fO-4YRN9wt02Bi-hY
Parkway Inn,"3071 E Business Loop 20, Odessa, TX 79761",(432) 332-4224,https://www.parkwayinnodessa.top/,,,3,199,https://serpapi.com/search.json?engine=google_maps&google_domain=google.com&hl=en&place_id=ChIJc-DfcOvO-4YRxcbJKD1q1Ro
Camelot INN,"2902 I-20, Big Spring, TX 79720",(432) 268-9926,http://camlotinn.net/,,,2.8,68,https://serpapi.com/search.json?engine=google_maps&google_domain=google.com&hl=en&place_id=ChIJHyeBCSIj-YYRhRv3RObw1aM
Plaza Inn,"700 W Interstate 20, Big Spring, TX 79720",(432) 267-1601,http://www.plazainnbigspring.us/,,,3.3,262,https://serpapi.com/search.json?engine=google_maps&google_domain=google.com&hl=en&place_id=ChIJV6WTOXIj-YYRI1-vmFJGdKk
BRADBURY INN,"1202 E 3rd St, Big Spring, TX 79720",(432) 267-2581,https://bradburyinntx.com/,bradburyinn@yahoo.com,,3.5,81,https://serpapi.com/search.json?engine=google_maps&google_domain=google.com&hl=en&place_id=ChIJB39D3wEj-YYRmd1jSJQKM-Q
Hotel Settles,"200 E 3rd St, Big Spring, TX 79720",(432) 267-7500,http://www.hotelsettles.com/,,,4.5,1278,https://serpapi.com/search.json?engine=google_maps&google_domain=google.com&hl=en&place_id=ChIJn3ilWaYj-YYRK9j5nBJAxpg
Target Hospitality- Big Spring Lodge,"5101 East Midway Road, Big Spring, TX 79720",(432) 213-3441,http://targethospitality.com/,,,4,57,https://serpapi.com/search.json?engine=google_maps&google_domain=google.com&hl=en&place_id=ChIJq4llGzoh-YYRbVHWfCeyP4Q
Shale Inn Andrews,"1105 US-385, Andrews, TX 79714",(818) 738-9380,https://www.oyorooms.com/us/263672/?utm_source=GMB&utm_medium=Organic&utm_campaign=US_SEW001,,,4.9,38,https://serpapi.com/search.json?engine=google_maps&google_domain=google.com&hl=en&place_id=ChIJj9-khuKP-4YR_d9ivWs1mdw
Casabella,"900 NE Ave K, Andrews, TX 79714",(432) 524-4124,http://www.casabella-andrewstx.com/,amwarnke@suddenlink.net,,4.8,32,https://serpapi.com/search.json?engine=google_maps&google_domain=google.com&hl=en&place_id=ChIJ3ZifQIWO-4YRI7g_rNUUDzw
The Hotel Texan,"302 Main St, Seagraves, TX 79359",(806) 752-9090,http://www.hoteltexan.com/,frontdesk@hoteltexan.com,,4.6,78,https://serpapi.com/search.json?engine=google_maps&google_domain=google.com&hl=en&place_id=ChIJx8KU4bFF_IYRTQRaoQcPcDY
Permian Studio Aparments,"813 Service Road, Monahans, TX 79756",(432) 943-4506,https://www.permianapartments.com/,,,4.4,11,https://serpapi.com/search.json?engine=google_maps&google_domain=google.com&hl=en&place_id=ChIJ98IFJLr5-oYRvizhtq3BjD8
"BoxHouse Villages, Monahans","3745 S Boston St, Monahans, TX 79756",(432) 389-8305,https://www.boxhousevillages.com/,,,4.8,79,https://serpapi.com/search.json?engine=google_maps&google_domain=google.com&hl=en&place_id=ChIJycr4oMv7-oYRQhLnj73jWhI
Permian Lodging - Monahans Lodge,"4902 TX-18, Monahans, TX 79756",(337) 347-8635,https://www.permianlodging.com/,sales@permianlodging.com,,4.1,209,https://serpapi.com/search.json?engine=google_maps&google_domain=google.com&hl=en&place_id=ChIJAz8TW875-oYRyTPmMiqUk9k
Country Club RV Resort,"2000 N Main Ave, Monahans, TX 79756",(432) 943-2185,https://www.monahansaffordablehomes.com/qps,monahansaffordablehomes@hotmail.com,,4.2,36,https://serpapi.com/search.json?engine=google_maps&google_domain=google.com&hl=en&place_id=ChIJHXcudQn8-oYRTvjA_zMaB0c
Circle 8 RV Park,"2600 S Janice St, Monahans, TX 79756",(432) 940-4772,https://rvparkmonahans.com/,admin@circle8rvpark.com,,4.2,66,https://serpapi.com/search.json?engine=google_maps&google_domain=google.com&hl=en&place_id=ChIJQW1A7dn7-oYR5gR-ki4ggEE
Kermit Inn,"304 TX-302, Kermit, TX 79745",(432) 586-6693,http://www.kermitinn.com/,bhikhu67@yahoo.com,,3.8,160,https://serpapi.com/search.json?engine=google_maps&google_domain=google.com&hl=en&place_id=ChIJHwFgqPoZ-4YRG0Al6ogGPUg
Sealy Street RV Park,"812 E Sealy Ave, Monahans, TX 79756",(432) 943-2077,https://www.sealystreetrv.com/?utm_source=google&utm_medium=wix_google_business_profile&utm_campaign=11990302899720442701,,is here to assist with your every need,4.5,30,https://serpapi.com/search.json?engine=google_maps&google_domain=google.com&hl=en&place_id=ChIJm2uS3Jz5-oYRnMfSM95yl7w
Caprock Lodge,"31651 W, I-20, Odessa, TX 79766",(432) 212-7452,https://caprocklodge.com/,,,4.7,11,https://serpapi.com/search.json?engine=google_maps&google_domain=google.com&hl=en&place_id=ChIJTwIJMFxT-oYRKvmOIWNGZGY
The Wink Lodge,"645 S Oaklawn Dr, Wink, TX 79789",(844) 626-2267,https://www.petroplexproperties.com/,,,4.1,15,https://serpapi.com/search.json?engine=google_maps&google_domain=google.com&hl=en&place_id=ChIJNS4oEBkf-4YRRTYUeUwj-K8
Best Budget Inn,"3153 S 1st St, Abilene, TX 79605",(325) 673-4251,https://www.bestbudgetinnabilene.top/,,,3,167,https://serpapi.com/search.json?engine=google_maps&google_domain=google.com&hl=en&place_id=ChIJHYJQTmeOVoYRgCjX4-hYqxg
Antilley Inn,"6550 US-83, Abilene, TX 79602",(325) 695-3330,http://www.antilleyinn.com/,,to ensure the accuracy of the photos and content displayed,3.3,211,https://serpapi.com/search.json?engine=google_maps&google_domain=google.com&hl=en&place_id=ChIJH_yMeGyNVoYR9eY_pCqqycM
"American Star Inn 1633 W Stamford St, Abilene, TX 79601","1633 W Stamford St, Abilene, TX 79601",(325) 673-5424,https://www.americanstarinnabilene.com/,info@americanstarhotel.com,the City,2.1,65,https://serpapi.com/search.json?engine=google_maps&google_domain=google.com&hl=en&place_id=ChIJqxbivS-PVoYRonfthLd8eIY
MCM Eleganté Suites Abilene,"4250 Ridgemont Dr, Abilene, TX 79606",(325) 698-1234,http://mcmelegantesuites.com/,fdabilene@mcmelegante.com,,4.2,1492,https://serpapi.com/search.json?engine=google_maps&google_domain=google.com&hl=en&place_id=ChIJ2VUndbONVoYRGD1XEgaFkcU
Abilene Whitten Inn,"3450 S Clack St, Abilene, TX 79606",(325) 695-7700,http://www.abilenewhitteninn.com/,,,4.1,401,https://serpapi.com/search.json?engine=google_maps&google_domain=google.com&hl=en&place_id=ChIJybHTn0aNVoYRC09DD0lt-Ac
Parkside Inn by PHG - Sweetwater I-20,"510 NW Georgia Ave, Sweetwater, TX 79556",(325) 219-6251,https://www.parksidehotels.com/parkside-inn-sweetwater/,gm@parksideinnswtr.com,"Secured parking 
 Service animals are allowed 
 Smoke",3.3,0,https://serpapi.com/search.json?engine=google_maps&google_domain=google.com&hl=en&place_id=ChIJUf6zKjEQVoYR6so8sfWBSgI
Sweetwater Inn,"701 SW Georgia Ave, Sweetwater, TX 79556",(325) 933-6622,http://sweetwatertexasmotel.com/,,,4,0,https://serpapi.com/search.json?engine=google_maps&google_domain=google.com&hl=en&place_id=ChIJL0dt-n4RVoYRcciGYsUI5SY
Ranch House Motel & Restaurant,"301 SW Georgia Ave, Sweetwater, TX 79556",(325) 236-6341,http://www.sweetwaterranchhouse.com/,,,3.9,0,https://serpapi.com/search.json?engine=google_maps&google_domain=google.com&hl=en&place_id=ChIJg_KNojYQVoYR5ojkMYY2I7c
Marifah Inn Hotels,"510 NW Georgia Ave, Sweetwater, TX 79556",(717) 734-5677,http://www.marifahinn.com/,"info@marifahinn.com, reservation@marifahinn.com",,2.6,0,https://serpapi.com/search.json?engine=google_maps&google_domain=google.com&hl=en&place_id=ChIJcZogzjYQVoYRvsNyPbMdSsI
Mulberry Manor Bed and Breakfast and Event Venue,"1400 Sam Houston St, Sweetwater, TX 79556",(214) 244-1009,https://www.mulberrymanortx.com/?utm_source=google&utm_medium=organic&utm_campaign=google_my_business,info@mulberrymanortx.com,,5,0,https://serpapi.com/search.json?engine=google_maps&google_domain=google.com&hl=en&place_id=ChIJv0QQPu8RVoYRU1e2t8a8adc
Bar J Hitchin' Post RV Park,"50 Hopkins Rd, Sweetwater, TX 79556",(325) 236-3889,http://www.barjhitchinpostrv.com/,barjrv@gmail.com,,4.3,0,https://serpapi.com/search.json?engine=google_maps&google_domain=google.com&hl=en&place_id=ChIJQ7S1NqYaVoYRDd6tVqLa9q0
Love's RV Stop,"9418 N I- 20, Sweetwater, TX 79556",(325) 235-1241,https://www.camplife.com/campground/Love%2527s+RV+Stop-Sweetwater+TX+475?utm_source=google&utm_medium=organic&utm_campaign=maps,,,4.6,123,https://serpapi.com/search.json?engine=google_maps&google_domain=google.com&hl=en&place_id=ChIJu5oCZvYbVoYR1MppFiBXWpU
Town Place studio,"1307 E Coliseum Dr, Snyder, TX 79549",(325) 436-0118,https://snydermotels.com/,,,4.6,38,https://serpapi.com/search.json?engine=google_maps&google_domain=google.com&hl=en&place_id=ChIJJUU6d5ZP_4YRCE9rU97RArg
Harbord Kourt Motel,"2710 S Commercial Ave, Coleman, TX 76834",(325) 259-1948,https://theharbordkourt.com/,info@theharbordkourt.com,,4.9,90,https://serpapi.com/search.json?engine=google_maps&google_domain=google.com&hl=en&place_id=ChIJa71puDw7V4YRNqDlcJ9MEYY
Texas Ranger Motel and RV Park,"401 US-67, Santa Anna, TX 76878",(325) 348-3150,http://www.texasrangermotel.com/,texasrangermotelrvpark@gmail.com,New Pool,4.5,133,https://serpapi.com/search.json?engine=google_maps&google_domain=google.com&hl=en&place_id=ChIJLSPGLCsxV4YRJI9njni_MhI
Coleman Inn,"1401 US-84, Coleman, TX 76834",(325) 625-4176,http://www.colemaninntx.com/,colemaninntx@gmail.com,was so gracious and offered for his son to drive us there,4,262,https://serpapi.com/search.json?engine=google_maps&google_domain=google.com&hl=en&place_id=ChIJH6YXodU6V4YRn33a2qIX0J8
Stardust Retreat,"607 W Hillside Dr, Coleman, TX 76834",(325) 238-5930,http://www.stardustretreat.com/,host@stardustretreat.com,responded quickly to my texts,4.6,24,https://serpapi.com/search.json?engine=google_maps&google_domain=google.com&hl=en&place_id=ChIJJ8vupg4lV4YREVT5PxCaX3A
M Bar H Lodge and RV Park,"4329 US-67, Santa Anna, TX 76878",(325) 200-1803,http://mbarh.com/,,,4.8,25,https://serpapi.com/search.json?engine=google_maps&google_domain=google.com&hl=en&place_id=ChIJXfpihcowV4YRZZ8FVn3AG5s
Rancho Loma,"2969 Co Rd 422, Talpa, TX 76882",(325) 636-4556,http://rancholoma.com/,loma@web-access.net,,4.7,52,https://serpapi.com/search.json?engine=google_maps&google_domain=google.com&hl=en&place_id=ChIJobph8Fg9V4YRn55WB-eYM-Q
The Centennial Inn,"Miles North of VALERA, 2960 FM 503 #3, Talpa, TX 76882",(325) 636-8300,http://thecentennialinn.com/,,,0.0,0,https://serpapi.com/search.json?engine=google_maps&google_domain=google.com&hl=en&place_id=ChIJJ25zSn09V4YRULOiF3s6sIQ
Hotel Wichita Falls I-44 at Maurine St,"1812 Maurine St, Wichita Falls, TX 76306",(940) 340-3508,https://www.oyorooms.com/84501/,,,2.7,71,https://serpapi.com/search.json?engine=google_maps&google_domain=google.com&hl=en&place_id=ChIJnaJp450hU4YRDDUTWKUnaCY
Executive Inn & Suites,"1750 Maurine St, Wichita Falls, TX 76306",(940) 322-2477,https://www.executiveinnwf.com/,,,3.9,659,https://serpapi.com/search.json?engine=google_maps&google_domain=google.com&hl=en&place_id=ChIJgWkBhs8gU4YRU4E7qyL4ijE
Hotel Vernon,"1615 Expressway 287 east, Vernon, TX 76384",(940) 552-5417,http://www.thehotelvernon.com/,hotelvernontx@gmail.com,,3.9,540,https://serpapi.com/search.json?engine=google_maps&google_domain=google.com&hl=en&place_id=ChIJvVk_3yxTq4cRHoB8kmyuONk
Green Bird Inn & RV Park,"3029 Morton St, Vernon, TX 76384",(940) 552-5421,http://greenbirdinn.com/,,,4.1,299,https://serpapi.com/search.json?engine=google_maps&google_domain=google.com&hl=en&place_id=ChIJP9f6EEpTq4cRK207oi2lyww
Red River Inn Vernon,"1829 US-287, Vernon, TX 76384",(940) 552-9321,https://www.redriverhotelvernon.com/,,,4.1,15,https://serpapi.com/search.json?engine=google_maps&google_domain=google.com&hl=en&place_id=ChIJ-ZN1vTNTq4cRsve4x70tM8M
Rocking A RV Park,"3725 Harrison St, Vernon, TX 76384",(940) 552-2821,http://www.rockingarvpark.com/,,,4.3,239,https://serpapi.com/search.json?engine=google_maps&google_domain=google.com&hl=en&place_id=ChIJi6vbuzpTq4cRbdtBscxPXzg
Wright’s River Retreat,"7601 County Road 118 East 7796 CR 118 E (Garmin address, Vernon, TX 76384",(940) 839-5467,http://www.w5farms.com/,,,5,3,https://serpapi.com/search.json?engine=google_maps&google_domain=google.com&hl=en&place_id=ChIJ42U9KUxVq4cRfHdE76uRI9o
Comanche Red River Hotel Casino,"196747 OK-36, Devol, OK 73531",(580) 250-3060,https://comancheredrivercasino.com/,,,4.1,3421,https://serpapi.com/search.json?engine=google_maps&google_domain=google.com&hl=en&place_id=ChIJ83vyx74sU4YRg_WQyNMo6gM
Twilite Motel,"1028 Sheppard Rd, Burkburnett, TX 76354",(940) 569-1601,https://m.facebook.com/pages/Twilite-Motel/100876623290660,,,3.9,90,https://serpapi.com/search.json?engine=google_maps&google_domain=google.com&hl=en&place_id=ChIJdxKVEd8oU4YRDx2JCaCCPbE
Pearl on the Concho,"333 Rio Concho Dr, San Angelo, TX 76903",(325) 653-4500,https://www.mayfieldhotels.com/pearl-on-concho/,"group@magnusonhotels.com, groups@magnusonhotels.com, group@mayfieldhotels.com, info@magnusonhotels.com, info@mayfieldhotels.com",,4,1076,https://serpapi.com/search.json?engine=google_maps&google_domain=google.com&hl=en&place_id=ChIJ802FHlvvV4YRhHC_7pQvL0s
Angoria Hotel,"402 W Beauregard Ave, San Angelo, TX 76903",(325) 425-0947,https://angoriahotel.com/?utm_campaign=gmb,"info@angoriahotel.com, events@angoriahotel.com",,4.6,171,https://serpapi.com/search.json?engine=google_maps&google_domain=google.com&hl=en&place_id=ChIJz8paeCHlV4YReZVVCGkywRw
Inn of the Conchos,"2021 N Bryant Blvd, San Angelo, TX 76903",(325) 658-2811,http://www.innoftheconchos.com/,,,3.7,468,https://serpapi.com/search.json?engine=google_maps&google_domain=google.com&hl=en&place_id=ChIJFYgZtA7mV4YRjahTEoBx20w
Inn at the Art Center,"2503 Martin Luther King Dr, San Angelo, TX 76903",(325) 659-3836,http://www.innattheartcenter.com/,,,4.8,58,https://serpapi.com/search.json?engine=google_maps&google_domain=google.com&hl=en&place_id=ChIJXyPAFg7mV4YRqGES4USf0mo
The Olde Park Hotel,"107 S 6th St, Ballinger, TX 76821",(325) 718-2662,http://www.oldeparkhotel.com/,oldeparkhotel1886@gmail.com,,4.7,81,https://serpapi.com/search.json?engine=google_maps&google_domain=google.com&hl=en&place_id=ChIJuQzbcgCnV4YRfVK204F9lWE
Bliss Motel,"608 S Main St, Winters, TX 79567",(325) 754-0241,https://texasjamz1.wixsite.com/bliss-motel,,,4.7,81,https://serpapi.com/search.json?engine=google_maps&google_domain=google.com&hl=en&place_id=ChIJ-4kcd5urV4YRPGdPV8zLEJo
Heritage INN,"2850 I-10, Beaumont, TX 77703",(409) 899-3040,http://www.heritageinnbeaumont.us/,,,3.2,84,https://serpapi.com/search.json?engine=google_maps&google_domain=google.com&hl=en&place_id=ChIJBfrU_Jc1OYYR4vJmcuXO-i0
"Americas Best Value Inn Beaumont, TX","1155 I-10 S, Beaumont, TX 77701",(409) 835-5913,https://www.sonesta.com/americas-best-value-inn/tx/beaumont/americas-best-value-inn-beaumont-tx?utm_source=google&utm_medium=organic&utm_campaign=gmb,sales@redlion.com,,3.1,592,https://serpapi.com/search.json?engine=google_maps&google_domain=google.com&hl=en&place_id=ChIJEfQboGvLPoYR6-t4fV1qZDA
Texas Inn Beaumont,"6675 Eastex Fwy, Beaumont, TX 77706",(409) 347-8803,https://hotelscompany.net/business/texas-inn-beaumont-hwtve1,,,3.8,216,https://serpapi.com/search.json?engine=google_maps&google_domain=google.com&hl=en&place_id=ChIJCS8ornEzOYYRALeVZSIyJtQ
Travel Inn,"2690 I-10 Frontage Rd, Beaumont, TX 77703",(409) 892-8111,https://www.travelinnbeaumonttx.com/,,,3.2,0,https://serpapi.com/search.json?engine=google_maps&google_domain=google.com&hl=en&place_id=ChIJXXQY9Mo0OYYRGtFnlHSzPoU
MCM Elegante Hotel Beaumont,"2355 I-10, Beaumont, TX 77705",(409) 842-3600,https://www.mcmelegantebeaumont.com/,beaumontfrontdesk@mcmelegante.com,,4,0,https://serpapi.com/search.json?engine=google_maps&google_domain=google.com&hl=en&place_id=ChIJXz-cRnfLPoYRzU0TIzyxAAY
The Grand Hotel Spindletop & Event Center,"2525 N 11th St, Beaumont, TX 77703",(409) 924-7300,https://sites.google.com/view/thegrandhotelspindletopevent,,,3.2,0,https://serpapi.com/search.json?engine=google_maps&google_domain=google.com&hl=en&place_id=ChIJrRZ2_9c1OYYRQRSepaYqTKY
HomeBridge Inn and Suites,"2615 I-10, Beaumont, TX 77702",(409) 832-0555,http://homebridgeinn.com/,homebridgeinn@gmail.com,are very friendly and professional,3.5,0,https://serpapi.com/search.json?engine=google_maps&google_domain=google.com&hl=en&place_id=ChIJYcGHJMs0OYYRDxgPnjq7_qY
Crystal Inn - PortArthur,"2015 TX-73, Port Arthur, TX 77640",(409) 983-8000,https://www.booking.com/Share-Tq39sU,,,3.6,350,https://serpapi.com/search.json?engine=google_maps&google_domain=google.com&hl=en&place_id=ChIJk50MwJO5PoYRrzaFbZpMWCQ
Americas Best Value Inn & Suites Groves Port Arthur,"5201 E Parkway St, Groves, TX 77619",(409) 962-6611,https://www.sonesta.com/americas-best-value-inn/tx/groves/americas-best-value-inn-suites-groves-port-arthur?utm_source=google&utm_medium=organic&utm_campaign=gmb,sales@redlion.com,,3.3,259,https://serpapi.com/search.json?engine=google_maps&google_domain=google.com&hl=en&place_id=ChIJPZgJDGqwPoYRT61v4tEGOXU
Airport Inn Hotel Port Arthur-Nederland,"200 Memorial Fwy, Nederland, TX 77627",(409) 729-3000,https://airportinnsuites.com/,pawanc21@yahoo.com,,3.8,477,https://serpapi.com/search.json?engine=google_maps&google_domain=google.com&hl=en&place_id=ChIJAU_u1CG3PoYR-rLD95QJ6Pk
Americas Best Value Inn & Suites Port Arthur,"7440 Memorial Blvd, Port Arthur, TX 77642",(409) 722-1034,https://www.redlion.com/americas-best-value-inn/tx/port-arthur/americas-best-value-inn-suites-port-arthur,,,3.2,197,https://serpapi.com/search.json?engine=google_maps&google_domain=google.com&hl=en&place_id=ChIJKyXNKsiwPoYR88EZ-MwH458
stayAPT Suites Port Arthur,"7800 Medical Center Blvd, Port Arthur, TX 77640",(409) 207-1004,https://www.stayapt.com/hotels/stayapt-suites-port-arthur/?utm_source=googlebusiness&utm_medium=organic&utm_campaign=locallistings,,,4.7,39,https://serpapi.com/search.json?engine=google_maps&google_domain=google.com&hl=en&place_id=ChIJEeucOdi3PoYRHpoSYMRAv_M
The Best Price Motel & Suites,"2610 Lutcher Dr, Orange, TX 77632",(409) 883-0231,http://www.bestpriceorange.com/,jess@bestpriceorange.com,,3.7,357,https://serpapi.com/search.json?engine=google_maps&google_domain=google.com&hl=en&place_id=ChIJY3ySqUZVOYYRI2befjxDVyM
The Hotel Orange,"2900 Lutcher Dr, Orange, TX 77632",(409) 920-4045,https://www.expedia.com/Orange-Hotels-The-Hotel-Orange.h45246047.Hotel-Information,,,3.7,175,https://serpapi.com/search.json?engine=google_maps&google_domain=google.com&hl=en&place_id=ChIJ51INMUdVOYYRrsQ6-zx-Mr8
"HomeTowne Studios Orange, TX","4407 27th St, Orange, TX 77632",(409) 331-6929,https://www.redroof.com/extendedstay/hometownestudios/property/tx/orange/HTS1299?utm_source=GMB&utm_medium=Google&utm_campaign=GMB_Performance_HTS1299,"%20guestin@redroof.com, guestin@redroof.com",,4.4,130,https://serpapi.com/search.json?engine=google_maps&google_domain=google.com&hl=en&place_id=ChIJV75figVVOYYRCP63tUFKrZc
"Delta Downs Racetrack, Hotel & Casino","2717 Delta Downs Dr, Vinton, LA 70668",(800) 589-7441,https://deltadowns.boydgaming.com/,,,4.1,7859,https://serpapi.com/search.json?engine=google_maps&google_domain=google.com&hl=en&place_id=ChIJy_Gyt3j5O4YRjrBXrLXuhAk
Pinewood Inn and Suites,"870 Hwy 96 S, Silsbee, TX 77656",(409) 600-7341,https://pinewoodinnandsuitestx.com/,,,3,222,https://serpapi.com/search.json?engine=google_maps&google_domain=google.com&hl=en&place_id=ChIJPe30jn47OYYRtN60oVBGulo
Harmony Inn and Suites,"2640 I-10 Frontage Rd, Beaumont, TX 77703",(409) 899-3152,https://booking.hotelkeyapp.com/v2/index.html#/booking/search?pc=1069&property_id=f0ba55a7-6e37-4ea5-94f5-46ec12b68e44,,,3,198,https://serpapi.com/search.json?engine=google_maps&google_domain=google.com&hl=en&place_id=ChIJW7-NAcs0OYYRVG54-1nErnk
Smith Lake RV Park,"790 W Tram Rd, Vidor, TX 77662",(409) 769-8200,http://www.smithlakevidor.com/rvpark,"smithlakervpark@gmail.com, smithlakewaterpark@gmail.com",,4.4,178,https://serpapi.com/search.json?engine=google_maps&google_domain=google.com&hl=en&place_id=ChIJpSXE4qpLOYYRuZy25geFf-8
Chaparral Motel,"3401 US-59, Victoria, TX 77901",(361) 576-9222,https://www.chaparralmotelvictoriatx.com/,,,3.8,131,https://serpapi.com/search.json?engine=google_maps&google_domain=google.com&hl=en&place_id=ChIJ_XRJGYFmQoYRniduFlTaiLA
Americas Best Value Inn & Suites Victoria,"3901 Houston Hwy, Victoria, TX 77901",(361) 578-2723,https://www.sonesta.com/americas-best-value-inn/tx/victoria/americas-best-value-inn-suites-victoria?utm_source=google&utm_medium=organic&utm_campaign=gmb,sales@redlion.com,,3.5,525,https://serpapi.com/search.json?engine=google_maps&google_domain=google.com&hl=en&place_id=ChIJKwdOklVmQoYRkBjplGRrVMs
Lone Star Inn & Suites Victoria,"1907 US-59 N, Victoria, TX 77905",(361) 579-0225,https://www.hotelinvictoriatx.com/,,,4.1,413,https://serpapi.com/search.json?engine=google_maps&google_domain=google.com&hl=en&place_id=ChIJBxlNQSZkQoYRehMvmowJyV8
Crossroads Inn & Suites,"3807 Houston Hwy, Victoria, TX 77901",(361) 894-8710,http://www.crossroads-inn.com/,crossroadsinn.victoria@gmail.com,and his team made for,4,84,https://serpapi.com/search.json?engine=google_maps&google_domain=google.com&hl=en&place_id=ChIJl2bVYf9mQoYRadYuJHyiJn0
Inn On Main,"315 N Main St, Victoria, TX 77901",(361) 580-2794,http://www.the-inn-on-main.com/,the-inn@tisd.net,,4.7,23,https://serpapi.com/search.json?engine=google_maps&google_domain=google.com&hl=en&place_id=ChIJgWu8lcxmQoYRwi3Tv0tH8RA
Budget Inn Port Lavaca,"2016 W Main St, Port Lavaca, TX 77979",(361) 482-0267,https://live.ipms247.com/booking/book-rooms-budgetinnportlavaca,,,3.6,43,https://serpapi.com/search.json?engine=google_maps&google_domain=google.com&hl=en&place_id=ChIJDdekCrYOQoYRbewspVXBx_c
Royal Inn (Port Lavaca),"150 TX-35, Port Lavaca, TX 77979",(361) 553-6640,https://www.booking.com/hotel/us/royal-inn-port-lavaca.html,,,3.6,263,https://serpapi.com/search.json?engine=google_maps&google_domain=google.com&hl=en&place_id=ChIJUdqVnMIOQoYRjntzAQKXwWM
Simple Stay,"209 Co Rd 301, Port Lavaca, TX 77979",(361) 484-9696,http://www.simplestayweekly.com/,ruston@simplestayweekly.com,Email Address,5,79,https://serpapi.com/search.json?engine=google_maps&google_domain=google.com&hl=en&place_id=ChIJaQ1MCrYDQoYR8bUzWl6jicw
"Coastal Bend at Seadrift, Motel & RV Park","201 TX-185, Seadrift, TX 77983",(361) 785-3322,https://live.ipms247.com/booking/book-rooms-coastalbendatseadriftmotelrvpark,,,4.5,144,https://serpapi.com/search.json?engine=google_maps&google_domain=google.com&hl=en&place_id=ChIJUdkVgdLgaYYR-U8A132FlHk
Captain's Quarters,"396 Byers Dr, Port O'Connor, TX 77982",(361) 983-4982,http://www.captainquarterspoc.com/,,,4.1,110,https://serpapi.com/search.json?engine=google_maps&google_domain=google.com&hl=en&place_id=ChIJzyOSfTD_aYYRLFH6kh-lAWc
JZ's INN,"595 Margie Tewmey Rd, Port Lavaca, TX 77979",(979) 257-9834,http://www.jzsinn.com/,,,4.5,25,https://serpapi.com/search.json?engine=google_maps&google_domain=google.com&hl=en&place_id=ChIJExy2uFIHQoYRtCcKXwHX7O4
American Inn & Suites,"1306 Maple St, Port O'Connor, TX 77982",(361) 983-2606,https://pocamericaninnandsuites.com/,americaninnandsuites1306@gmail.com,,3.9,161,https://serpapi.com/search.json?engine=google_maps&google_domain=google.com&hl=en&place_id=ChIJ9blevk__aYYRqarVbOXh03k
"Bay View RV Park, LLC","2502 FM1090, Port Lavaca, TX 77979",(361) 894-9340,https://bayviewrvparktx.com/,"bayviewrv21@gmail.com, bayview21@gmail.com",,4.5,40,https://serpapi.com/search.json?engine=google_maps&google_domain=google.com&hl=en&place_id=ChIJwQdURCEJQoYRa6cWZh3uBh0
Americas Best Value Inn & Suites Cuero,"3531 N Esplanade St, Cuero, TX 77954",(361) 524-5241,https://www.sonesta.com/americas-best-value-inn/tx/cuero/americas-best-value-inn-suites-cuero?utm_source=google&utm_medium=organic&utm_campaign=gmb,sales@redlion.com,,3.6,139,https://serpapi.com/search.json?engine=google_maps&google_domain=google.com&hl=en&place_id=ChIJbWt9SKTkQoYRJTiwH5pImu4
Hotel Texas Cuero,"2400 N Esplanade St, Cuero, TX 77954",(361) 524-5224,https://www.hoteltexascuerotx.top/,,,3.9,171,https://serpapi.com/search.json?engine=google_maps&google_domain=google.com&hl=en&place_id=ChIJfxyvf7zkQoYRT1GP5Bp2bNE
Hotel O Executive Inn & Suites Cuero Hwy 87,"2125 N Esplanade St, Cuero, TX 77954",(227) 206-6208,https://www.oyorooms.com/us/328267/?utm_source=GMB&utm_medium=Organic&utm_campaign=US_CTXH001,,,3.8,96,https://serpapi.com/search.json?engine=google_maps&google_domain=google.com&hl=en&place_id=ChIJiW5DPmPlQoYR3Wat5UdblYc
Antlers Inn,"1304 E Broadway St, Cuero, TX 77954",(361) 275-5766,https://www.antlersinncuero.com/,,,4.5,31,https://serpapi.com/search.json?engine=google_maps&google_domain=google.com&hl=en&place_id=ChIJVZksjCv7QoYRWPTCJTajSk0
FairBridge Inn & Suites Cuero,"2127 N Esplanade St, Cuero, TX 77954",(361) 524-5850,https://fairbridgeinns.com/hotel/20220726192831,,,4.5,84,https://serpapi.com/search.json?engine=google_maps&google_domain=google.com&hl=en&place_id=ChIJLaIelLvkQoYRI5HsQ1Zr-I0
Wildflower Inn & RV Park,"2117 N Esplanade St, Cuero, TX 77954",(361) 275-3437,http://www.wildflowerinnrv.com/,wildflowerinn@outlook.com,,3.2,154,https://serpapi.com/search.json?engine=google_maps&google_domain=google.com&hl=en&place_id=ChIJ-Q6Ppb7kQoYR4fMUCf0gX0g
Black Gold Inn,"207 US-77 ALT South, Yoakum, TX 77995",(361) 298-5322,http://www.blackgoldinnyoakum.com/,,,4,221,https://serpapi.com/search.json?engine=google_maps&google_domain=google.com&hl=en&place_id=ChIJafVTWT8BQ4YRdaQWA77BQz8
"Woodfield Inn & Suites Hotel O, Yoakum TX 111","606 US-77 ALT, Yoakum, TX 77995",(227) 206-6192,https://www.oyorooms.com/us/329389/?utm_source=GMB&utm_medium=Organic&utm_campaign=US_YOAK001,,assigned to me seemed to be under construction or in stages of remodeling or needed remodeling,3.8,202,https://serpapi.com/search.json?engine=google_maps&google_domain=google.com&hl=en&place_id=ChIJKdrtg3sBQ4YR8OL7YdGt5W0
Yorktown Inn and Suites,"949 W Main St, Yorktown, TX 78164",(361) 564-2700,http://www.yorktowninnandsuites.com/,,,3.7,150,https://serpapi.com/search.json?engine=google_maps&google_domain=google.com&hl=en&place_id=ChIJXbtC2XnDQoYRQTPjprILeeU
Angels In Goliad RV Park,"208 Michael St, Goliad, TX 77963",(361) 349-9777,http://www.angelsingoliadrvpark.com/,angelsingoliad@gmail.com,Online Bill Pay,4.7,106,https://serpapi.com/search.json?engine=google_maps&google_domain=google.com&hl=en&place_id=ChIJMbbTM5uXQoYR8NqlFs326yI
Hotel Beeville -US 181,"3609 N Saint Marys Street, Beeville, TX 78102",(361) 343-5057,https://www.booking.com/Share-iba97n,,,4.1,175,https://serpapi.com/search.json?engine=google_maps&google_domain=google.com&hl=en&place_id=ChIJFUneRlYBaIYRCTdDEugPQvw
Americas Best Value Inn Temple Killeen,"915 N General Bruce Dr, Temple, TX 76504",(254) 771-3264,https://www.redlion.com/americas-best-value-inn/tx/temple/americas-best-value-inn-temple-killeen,sales@redlion.com,,3.7,0,https://serpapi.com/search.json?engine=google_maps&google_domain=google.com&hl=en&place_id=ChIJxTY3o4hrRYYRJWWWPsGLSCA
American Inn Temple Texas,"1100 N General Bruce Dr, Temple, TX 76504",(254) 727-4042,https://hoteltempletexas.com/,,,2.8,0,https://serpapi.com/search.json?engine=google_maps&google_domain=google.com&hl=en&place_id=ChIJOYB5sRRrRYYR5Yzbd1JbjV4
River Forest Inn,"1414 E 6th Ave, Belton, TX 76513",(254) 613-4165,https://bookingengine.stayflexi.com/?hotel_id=32125,,,3.7,0,https://serpapi.com/search.json?engine=google_maps&google_domain=google.com&hl=en&place_id=ChIJwXKI5gRARYYRHjgwfJJ0xYM
Budget Inn,"4025 S General Bruce Dr, Temple, TX 76502",(254) 778-1361,https://www.budgetinntemple.top/,,,3.5,0,https://serpapi.com/search.json?engine=google_maps&google_domain=google.com&hl=en&place_id=ChIJ6zBQsANrRYYRKByqnTNwOkQ
Economy Inn,"205 W Avenue G, Temple, TX 76504",(254) 733-3143,http://www.motelintemple.com/,motelintemple@gmail.com,,4,0,https://serpapi.com/search.json?engine=google_maps&google_domain=google.com&hl=en&place_id=ChIJnWJFgoRsRYYRRS4YqzGQ9XI
Stratford House Inn & Suites,"1912 S 31st St, Temple, TX 76504",(254) 778-5521,"http://www.stratfordhouseinn.com/stratford,_hotel,_motel,_lodging,_temple/Welcome.html",,,3.7,0,https://serpapi.com/search.json?engine=google_maps&google_domain=google.com&hl=en&place_id=ChIJbWm5IW9rRYYRhXZudr_h69k
Quality Suites,"1415 N General Bruce Dr, Temple, TX 76504",(254) 770-0300,http://www.choicehotels.com/,,,3.7,0,https://serpapi.com/search.json?engine=google_maps&google_domain=google.com&hl=en&place_id=ChIJB7G8hIlrRYYR8Plf_gZVUl4
Americas Best Value Inn Killeen Ft. Hood,"2709 E Veterans Memorial Blvd, Killeen, TX 76543",(254) 526-6651,https://www.redlion.com/americas-best-value-inn/tx/killeen/americas-best-value-inn-killeen-ft-hood,,,3.6,250,https://serpapi.com/search.json?engine=google_maps&google_domain=google.com&hl=en&place_id=ChIJWwumP-9LRYYRTJasu2mCzt8
Stratus Suites - Boutique Hotel,"404 S Fort Hood St, Killeen, TX 76541",(254) 833-5154,https://stratussuites.com/,,,4.3,454,https://serpapi.com/search.json?engine=google_maps&google_domain=google.com&hl=en&place_id=ChIJ8-HWJpdLRYYRe5Vv0O6GTyI
Premium Inn & Suites,"2603 E Elms Rd, Killeen, TX 76542",(254) 432-0100,http://wix.to/9RW6Toi,premiuminnandsuites@gmail.com,,4.1,158,https://serpapi.com/search.json?engine=google_maps&google_domain=google.com&hl=en&place_id=ChIJSRKzsUpKRYYRjajcwGl-Puk
Shilo Inns Killeen,"3701 S W S Young Dr, Killeen, TX 76542",(254) 699-0999,https://www.shiloinns.com/shilo-inns-killeen,guestservices@shiloinns.com,,4,1658,https://serpapi.com/search.json?engine=google_maps&google_domain=google.com&hl=en&place_id=ChIJX3JNXrNLRYYRXyuuT2pvMEQ
Hallmark Inn & Suites,"4500 E Central Texas Expy, Killeen, TX 76542",(254) 634-1313,https://www.facebook.com/hallmark.inn.7,,,3.3,262,https://serpapi.com/search.json?engine=google_maps&google_domain=google.com&hl=en&place_id=ChIJ0dmb839JRYYRSgLLNotaJpA
Heights Inn by Townhouse Harker Heights/Killeen,"410 W Veterans Memorial Blvd, Harker Heights, TX 76548",(227) 206-6215,https://www.oyorooms.com/us/330170/?utm_source=GMB&utm_medium=Organic&utm_campaign=US_HHTX001,,,3.6,138,https://serpapi.com/search.json?engine=google_maps&google_domain=google.com&hl=en&place_id=ChIJT0Gy7w1JRYYRIkCtT3ZS3Ok
Stagecoach Inn,"416 S Main St, Salado, TX 76571",(254) 947-5111,http://stagecoachsalado.com/,hello@stagecoachsalado.com,,4.2,903,https://serpapi.com/search.json?engine=google_maps&google_domain=google.com&hl=en&place_id=ChIJcyxHTf07RYYR1f-jPVXy_Sg
Inn on the Creek,"602 Center Cir, Salado, TX 76571",(254) 947-5554,http://www.inncreek.com/,,,4.7,197,https://serpapi.com/search.json?engine=google_maps&google_domain=google.com&hl=en&place_id=ChIJi5RLcPs7RYYRsxpgISgcqIw
The Barrington Suites,"401 SW H K Dodgen Loop, Temple, TX 76502",(254) 778-0126,http://www.barringtonsuites.com/,,,3.9,119,https://serpapi.com/search.json?engine=google_maps&google_domain=google.com&hl=en&place_id=ChIJZ_11iFxrRYYRY-4ZD4mFdl8
DAY N NIGHT INN,"6200 E Veterans Memorial Blvd, Killeen, TX 76543",(254) 680-2655,http://www.palaceinngroup.com/,,,3.1,203,https://serpapi.com/search.json?engine=google_maps&google_domain=google.com&hl=en&place_id=ChIJ15gguhJJRYYRy9deZBW9WpI
Regency Inn,"2307 E Main St, Gatesville, TX 76528",(254) 865-8405,https://www.booking.com/hotel/us/regency-inn-gatesville.html,,,4.4,234,https://serpapi.com/search.json?engine=google_maps&google_domain=google.com&hl=en&place_id=ChIJxZQuVAP_T4YRGDaA1ecUIN8
"Pennoli Bed & Breakfast, LLC","1009 E Main St, Gatesville, TX 76528",(360) 560-5615,http://www.pennolibandb.com/,pennoli.bandb@gmail.com,,4.7,22,https://serpapi.com/search.json?engine=google_maps&google_domain=google.com&hl=en&place_id=ChIJl411rpT_T4YRyP9H1i6SI9c
Ballpark RV Resort LLC,"451 Veterans Mem Lp, Gatesville, TX 76528",(254) 500-4207,https://www.ballpark-rv.com/,,,5,10,https://serpapi.com/search.json?engine=google_maps&google_domain=google.com&hl=en&place_id=ChIJVU-H8Jv_T4YRqNMi-temD38
"Budget Inn - Hamilton, TX","704 N Rice St, Hamilton, TX 76531",(254) 386-8959,https://www.booking.com/hotel/us/budget-inn-hamilton.html?aid=397645&label=bin859jc-1FCAEoggI46AdIM1gDaLACiAEBmAExuAEYyAEM2AEB6AEB-AECiAIBqAIEuALjxf-wBsACAdICJDZhMWFhNzAwLWYyZGEtNGY1Yy1hMmNkLTRmY2U1YjAxMjNlNdgCBeACAQ&sid=36b641a514bcd62c1ed1b51bcb78f36d&breadcrumb=hotel&srpvid=bdef69060bf7004f&,,,3.6,126,https://serpapi.com/search.json?engine=google_maps&google_domain=google.com&hl=en&place_id=ChIJF-_CiEcVUIYRe1q4rZ4hWg8
Vineyard Court Designer Suites Hotel,"1500 George Bush Dr E #45, College Station, TX 77840",(979) 693-1220,http://www.vineyardcourt.com/,,,4.1,470,https://serpapi.com/search.json?engine=google_maps&google_domain=google.com&hl=en&place_id=ChIJoXpm9naERoYR28tPoZbSFjk
EZ Travel Inn,"2007 Texas Ave S, College Station, TX 77840",(979) 693-5822,https://www.eztravelinn.top/,,,3.6,280,https://serpapi.com/search.json?engine=google_maps&google_domain=google.com&hl=en&place_id=ChIJ5_m3p3uERoYRiOaGbAiGank
Holiday Plaza Motel,"1720 Texas Ave, Bryan, TX 77802",(979) 822-3748,http://holidayplazamotel.com/,,,3,83,https://serpapi.com/search.json?engine=google_maps&google_domain=google.com&hl=en&place_id=ChIJbdsrRn-BRoYR4IA8RmxPL8Y
Relax Inn,"3604 E State Hwy 21, Bryan, TX 77808",(979) 778-1881,http://relaxinnbryan.com/,relaxinn@mail.com,,3.2,249,https://serpapi.com/search.json?engine=google_maps&google_domain=google.com&hl=en&place_id=ChIJVcUuUvyARoYRjuxpSsSWe_0
Americas Best Value Inn & Suites Brenham,"2217 S Market St, Brenham, TX 77833",(979) 836-1300,https://www.sonesta.com/americas-best-value-inn/tx/brenham/americas-best-value-inn-brenham?utm_source=google&utm_medium=organic&utm_campaign=gmb,sales@redlion.com,,3.2,338,https://serpapi.com/search.json?engine=google_maps&google_domain=google.com&hl=en&place_id=ChIJ6cGO3UmoRoYRa-kb4hCHHYA
Coach Light Inn Brenham,"2242 S Market St, Brenham, TX 77833",(979) 836-5657,http://coachlightinnbrenham.com/,,,4.1,224,https://serpapi.com/search.json?engine=google_maps&google_domain=google.com&hl=en&place_id=ChIJ46hJ5EmoRoYRVkrJjVein2M
Americas Best Value Inn Somerville,"18018 TX-36, Somerville, TX 77879",(979) 596-3884,https://www.sonesta.com/americas-best-value-inn/tx/somerville/americas-best-value-inn-somerville?utm_source=google&utm_medium=organic&utm_campaign=gmb,,,3.8,224,https://serpapi.com/search.json?engine=google_maps&google_domain=google.com&hl=en&place_id=ChIJt9uSvO0YRIYRYmJPmbhab9Y
Far View Bed & Breakfast Inn,"1804 S Park St, Brenham, TX 77833",(979) 836-1672,http://farviewbedandbreakfast.com/,stay@farviewbedandbreakfast.com,,4.9,84,https://serpapi.com/search.json?engine=google_maps&google_domain=google.com&hl=en&place_id=ChIJx-QwiDCoRoYRyS3NjMWlbVs
Dixie Motel Brenham,"205 S Drumm St, Brenham, TX 77833",(979) 400-8874,https://www.dixiemotelbrenham.com/,info@dixiemotelbrenham.com,,4.9,185,https://serpapi.com/search.json?engine=google_maps&google_domain=google.com&hl=en&place_id=ChIJo6AHiJ4DRIYRrepjcIYia-I
Ant Street Inn,"107 W Commerce St, Brenham, TX 77833",(979) 836-7393,https://www.antstreetinn.com/,,,4.8,236,https://serpapi.com/search.json?engine=google_maps&google_domain=google.com&hl=en&place_id=ChIJX8izFRioRoYRSkP8RT_51E0
Main Street House,"409 E Main St, Brenham, TX 77833",(979) 221-2051,https://www.mainsthouse.com/,stay@mainsthouse.com,,4.7,38,https://serpapi.com/search.json?engine=google_maps&google_domain=google.com&hl=en&place_id=ChIJw5YfAxeoRoYRdGxerSakSgg
Americas Best Value Inn & Suites Hempstead Prairie View,"2145 FM 1488 Road, US-290, Hempstead, TX 77445",(979) 826-4200,https://www.sonesta.com/americas-best-value-inn/tx/hempstead/americas-best-value-inn-suites-hempstead-prairie-view?utm_source=google&utm_medium=organic&utm_campaign=gmb,sales@redlion.com,,3.3,213,https://serpapi.com/search.json?engine=google_maps&google_domain=google.com&hl=en&place_id=ChIJx4ddHSLKRoYRCNMdn0RjLBM
Brenham Schoolhouse Hotel,"600 E Alamo St, Brenham, TX 77833",(512) 632-7347,https://brenhamschoolhouse.com/,"info@brenhamschoolhouse.com, jakegumm@yahoo.com",,3.2,9,https://serpapi.com/search.json?engine=google_maps&google_domain=google.com&hl=en&place_id=ChIJB-e9SbWpRoYRHcjGOV5dn-o
Americas Best Value Inn Giddings,"1600 E Austin St, Giddings, TX 78942",(979) 542-3111,https://www.sonesta.com/americas-best-value-inn/tx/giddings/americas-best-value-inn-giddings,sales@redlion.com,,3.4,221,https://serpapi.com/search.json?engine=google_maps&google_domain=google.com&hl=en&place_id=ChIJo-OAifVvRIYRY4J34Fzfx_M
Budget Inn Giddings by Mukhi Hotels,"399 W Austin St, Giddings, TX 78942",(979) 542-3839,http://www.budgetinnus.com/,budgetinn@usa.com,,4,53,https://serpapi.com/search.json?engine=google_maps&google_domain=google.com&hl=en&place_id=ChIJbxQ5iT1lRIYRKzSxKRnvZDI
P.A. Smith Hotel,"111 Railroad St, Navasota, TX 77868",(936) 237-6484,https://www.thesmithnavasota.com/,,,4.8,66,https://serpapi.com/search.json?engine=google_maps&google_domain=google.com&hl=en&place_id=ChIJf5MqVg6VRoYRaHVTGDpiYnA
"Red Velvet Inn & Gallery, now known as the LaSalle St. Inn & Gallery","803 S Lasalle St, Navasota, TX 77868",(979) 799-7698,http://redvelvetinn.com/,,,4.9,63,https://serpapi.com/search.json?engine=google_maps&google_domain=google.com&hl=en&place_id=ChIJJaoNcuG_RoYRAIgD-88NRf0
The Western RV Park,"9524 N Hwy 6 Loop South, Navasota, TX 77868",(936) 306-3821,https://www.thewesternrvpark.com/,westernrv@yahoo.com,,4.1,0,https://serpapi.com/search.json?engine=google_maps&google_domain=google.com&hl=en&place_id=ChIJLUahOay_RoYRskg7rGn_pXc
The Grand by Capital O Texarkana I-30,"5201 N State Line Ave, Texarkana, TX 75503",(818) 853-9414,https://www.oyorooms.com/us/258990/?utm_source=GMB&utm_medium=Organic&utm_campaign=US_TEX002,,,2.8,745,https://serpapi.com/search.json?engine=google_maps&google_domain=google.com&hl=en&place_id=ChIJy-93GIxpNIYRedxKBhl3Qpo
Texarkana Inn,"325 E 51st St, Texarkana, AR 71854",(870) 774-8888,https://www.choicehotels.com/arkansas/texarkana/choice-hotels/ar179?mc=llgoxxpx,,,2.2,20,https://serpapi.com/search.json?engine=google_maps&google_domain=google.com&hl=en&place_id=ChIJqTjo2SppNIYRLbsP9rmKaS4
Boutique Hotel,"5100 N State Line Ave, Texarkana, AR 71854",(870) 774-3521,http://boutiquehotel-ar.com/,,,2.5,219,https://serpapi.com/search.json?engine=google_maps&google_domain=google.com&hl=en&place_id=ChIJ__-_uY9pNIYRI5FjQMSxfEc
Ritz Motel,"1415 E Broad St, Texarkana, AR 71854",(870) 774-7822,http://ritz-motel-texarkana.jany.io/,,,2.7,35,https://serpapi.com/search.json?engine=google_maps&google_domain=google.com&hl=en&place_id=ChIJHYsOtLJrNIYRbqxzekONG6M
Travel Inn and Suites,"801 Loop 59, Atlanta, TX 75551",(903) 796-7121,https://www.travelinnatlanta.xyz/,,,4.2,0,https://serpapi.com/search.json?engine=google_maps&google_domain=google.com&hl=en&place_id=ChIJdYsgBEMkNIYRvZ5eqipQ-Uo
Lost Lake RV Park,"6830 US-59, Atlanta, TX 75551",(903) 650-9969,https://www.lostlakervparktexas.com/,,,4.8,0,https://serpapi.com/search.json?engine=google_maps&google_domain=google.com&hl=en&place_id=ChIJnbGeaowpNIYRy6WjEJi7LKQ
Amazing Acres RV Park,"405 S Boggie St, Atlanta, TX 75551",(903) 650-2127,http://www.amazingacresrv.com/,,,4.6,0,https://serpapi.com/search.json?engine=google_maps&google_domain=google.com&hl=en&place_id=ChIJe9SD-QMkNIYRBv5U8ks8QA0
Country Host Inn,"900 Realtor Ave, Texarkana, AR 71854",(870) 772-0678,https://www.countryhostinntexarkana.top/,,,2.7,0,https://serpapi.com/search.json?engine=google_maps&google_domain=google.com&hl=en&place_id=ChIJnwEVjoNpNIYRivXmIbOxi9g
Bostonian Inn,"703 N McCoy Blvd, New Boston, TX 75570",(903) 628-5561,http://www.bostonianinn.com/,,,3.7,214,https://serpapi.com/search.json?engine=google_maps&google_domain=google.com&hl=en&place_id=ChIJd-_G7UezNYYR37PL7dGqInk
Americas Best Value Inn Alpine,"2010 US-90, Alpine, TX 79830",(432) 837-3363,https://www.redlion.com/americas-best-value-inn/tx/alpine/americas-best-value-inn-alpine,sales@redlion.com,,3.6,215,https://serpapi.com/search.json?engine=google_maps&google_domain=google.com&hl=en&place_id=ChIJXQ0faRSCO4YRd29oWGNA-_o
Antelope Lodge Alpine,"2310 US-90, Alpine, TX 79830",(432) 837-2451,http://antelopelodge.com/,,,4.4,262,https://serpapi.com/search.json?engine=google_maps&google_domain=google.com&hl=en&place_id=ChIJXQxYXn_Q74YRSExG8mCAQ98
The Maverick Inn,"1200 E Holland Ave, Alpine, TX 79830",(432) 837-2800,http://www.themaverickinn.com/,"howdy@thehollandhoteltexas.com, events@thehollandhoteltexas.com",,4.3,302,https://serpapi.com/search.json?engine=google_maps&google_domain=google.com&hl=en&place_id=ChIJabf5WQja74YRBDwJDRM3rq4
The Holland Hotel,"209 W Holland Ave, Alpine, TX 79830",(432) 837-2800,http://www.thehollandhoteltexas.com/,howdy@thehollandhoteltexas.com,,4.2,441,https://serpapi.com/search.json?engine=google_maps&google_domain=google.com&hl=en&place_id=ChIJg6MShnXa74YRmqpzOzWBCl4
ACP Hotel - Alpine City Place,"103 W Ave E, Alpine, TX 79830",(432) 777-2123,https://alpinecityplace.com/,,,3.8,41,https://serpapi.com/search.json?engine=google_maps&google_domain=google.com&hl=en&place_id=ChIJCSz_FVPb74YRFe9tn2H3St4
Alpine Bed and Breakfast,"403 N 8th St, Alpine, TX 79830",(432) 538-7032,https://www.alpinetxbnb.com/,innkeeper@alpinetxbnb.com,,5,324,https://serpapi.com/search.json?engine=google_maps&google_domain=google.com&hl=en&place_id=ChIJxRIJAsjb74YRk1caMHhcziY
Highland Inn,"1404 US-90 E, Alpine, TX 79830",(432) 837-5811,http://highlandinn.net/,samacosta@highlandinn.net,,4.5,175,https://serpapi.com/search.json?engine=google_maps&google_domain=google.com&hl=en&place_id=ChIJt7_O1Qfa74YRChal8cNCU5M
Hotel Parker at Quarter Circle 7,"2800 US-90, Alpine, TX 79830",(432) 837-1100,http://hotelparker.com/,lacy@lacyschniersmedia.com,,4.5,272,https://serpapi.com/search.json?engine=google_maps&google_domain=google.com&hl=en&place_id=ChIJnYO6z3DQ74YRo_3MJjRfngU
Cottonwood Creek Cabins,"814 Cottonwood Creek Rd, Alpine, TX 79830",(432) 777-2123,https://cottonwoodcreekcabins.com/,,,4.8,26,https://serpapi.com/search.json?engine=google_maps&google_domain=google.com&hl=en&place_id=ChIJMzl6g8DX74YRU1DxTUBv7bg
The Historic Bottle House Bed & Breakfast,"110 W Murphy Ave, Alpine, TX 79830",(432) 386-3549,http://www.alpinetexasbnb.com/,,,4.7,7,https://serpapi.com/search.json?engine=google_maps&google_domain=google.com&hl=en&place_id=ChIJR5UNxp_Q74YRBQcPAlE8Vf0
MOTEL,"202 W El Paso St, Marfa, TX 79843",,https://www.instagram.com/motel.marfa/,,,5,13,https://serpapi.com/search.json?engine=google_maps&google_domain=google.com&hl=en&place_id=ChIJw8PeWgqx74YR6lOldNQ_OFo
Butterfield Inn,"201 State St, Fort Davis, TX 79734",(432) 426-0002,http://www.butterfieldinn.com/,info@butterfieldinn.com,,4.7,0,https://serpapi.com/search.json?engine=google_maps&google_domain=google.com&hl=en&place_id=ChIJ0wst-0Lr74YRuvlRYWQo_CI
Riata Inn Marfa,"1500 US-90, Marfa, TX 79843",(432) 729-3800,https://www.riatainnmarfa.com/,riatainnmarfa@gmail.com,,4.2,336,https://serpapi.com/search.json?engine=google_maps&google_domain=google.com&hl=en&place_id=ChIJaaCOCBSCO4YRjD5bhzvkRaM
Glampinn Marfa - Container Unit Hotel,"1512 US-90, Marfa, TX 79843",(432) 356-5789,https://glampinnmarfa.com/,,,5,2,https://serpapi.com/search.json?engine=google_maps&google_domain=google.com&hl=en&place_id=ChIJixbE6Pmx74YRBO1x2wTpmrw
The Lincoln Marfa Hotel,"105 W Lincoln St, Marfa, TX 79843",(432) 729-0345,http://www.thelincolnmarfa.com/,,,4.9,381,https://serpapi.com/search.json?engine=google_maps&google_domain=google.com&hl=en&place_id=ChIJzVVxKKSw74YRCnPn7Jo8iEE
Thunderbird Hotel,"601 W San Antonio St, Marfa, TX 79843",(432) 729-7777,http://thunderbirdmarfa.com/,"events@thunderbirdmarfa.com, reservations@thunderbirdmarfa.com",,3.9,144,https://serpapi.com/search.json?engine=google_maps&google_domain=google.com&hl=en&place_id=ChIJa7E1PKOw74YRwoxSU_kiy20
The Hotel Paisano,"207 Highland St, Marfa, TX 79843",(432) 729-3669,http://www.hotelpaisano.com/,,,4.4,873,https://serpapi.com/search.json?engine=google_maps&google_domain=google.com&hl=en&place_id=ChIJ19_gKqSw74YRyBOW5uhd-4I
Pik Pak Marfa,"1500 W San Antonio St, Marfa, TX 79843",(713) 445-6466,https://www.pikpakmarfa.com/,jaredknowles14@gmail.com,,5,2,https://serpapi.com/search.json?engine=google_maps&google_domain=google.com&hl=en&place_id=ChIJ4xFA0r6x74YRY6_whhVf2Dc
Hotel Saint George,"105 S Highland Ave, Marfa, TX 79843",(432) 729-3700,http://www.marfasaintgeorge.com/,info@marfasaintgeorge.com,,4.4,588,https://serpapi.com/search.json?engine=google_maps&google_domain=google.com&hl=en&place_id=ChIJ5ansDaWw74YR8_zJFJgwsMg
Marfa House,"103 E Oak St, Marfa, TX 79843",(210) 287-6560,https://marfahouse.com/,christamarfarealty@gmail.com,strives to make sure your needs are met,4.8,8,https://serpapi.com/search.json?engine=google_maps&google_domain=google.com&hl=en&place_id=ChIJWcDiX3Wx74YRjc7VaHVGA6M
Carmen's Boutique Hotel,"317 E San Antonio St, Marfa, TX 79843",(432) 538-2807,https://www.carmensmarfahotel.com/,"carmensmarfahotel@gmail.com, carmensmarfa@gmail.com",,4.4,9,https://serpapi.com/search.json?engine=google_maps&google_domain=google.com&hl=en&place_id=ChIJd8CuT1mx74YR3Oy9FPpOCSw
Marfa Yacht Club Airstream RV Park,"990 Antelope Hills Rd, Marfa, TX 79843",(917) 887-0857,https://www.marfayachtclub.com/,,,4.6,30,https://serpapi.com/search.json?engine=google_maps&google_domain=google.com&hl=en&place_id=ChIJQSC0ETm374YRh30HSNHdyaM
Tumble In RV Park,"93320 US-90, Marfa, TX 79843",(432) 301-9860,http://tumbleinmarfa.com/,tumbleinmarfa@gmail.com,,4.1,210,https://serpapi.com/search.json?engine=google_maps&google_domain=google.com&hl=en&place_id=ChIJf9t6KK2w74YRUTUXfsKrM5k
Budget Inn of Post TX,"212 S Broadway St, Post, TX 79356",(806) 495-2841,https://www.booking.com/Share-OMi4MZ,,,3.5,153,https://serpapi.com/search.json?engine=google_maps&google_domain=google.com&hl=en&place_id=ChIJeSHA5Xn-_oYRhOt0IZu_FCU
BOHEMIO Marfa | Bespoke Lodging & Paddle Club,"200 South Russell Street, 312 E El Paso St, Marfa, TX 79843",(432) 294-5677,http://bohemiomarfa.com/,info@frglv.com,,4.7,228,https://serpapi.com/search.json?engine=google_maps&google_domain=google.com&hl=en&place_id=ChIJB74geq-w74YRHdNe9ylB0EA
Budget Inn-Menard,"208 Ellis St, Menard, TX 76859",(325) 396-4719,http://www.facebook.com/pages/Menard-Budget-Inn/461730950522730,,,3.4,60,https://serpapi.com/search.json?engine=google_maps&google_domain=google.com&hl=en&place_id=ChIJNQ1Bc7_JWYYRePSTIvjHNvI
Planet Marfa,"200 S Abbot St, Marfa, TX 79843",,http://www.planetmarfa.com/,,,4.6,388,https://serpapi.com/search.json?engine=google_maps&google_domain=google.com&hl=en&place_id=ChIJQe-nwaSw74YRuXYtkLnvJag
Midnight Train to Marfa-1948 Caboose,"Marfa, TX 79843",,https://www.themarfastay.com/listings/387292?googleVR=1&utm_source=google&utm_medium=vacation_rentals,themarfastay@gmail.com,,0.0,0,https://serpapi.com/search.json?engine=google_maps&google_domain=google.com&hl=en&place_id=ChIJ1WNgd5mw74YRNQ-XvqiG32o
Budget Inn of Texas,"3911 US-80, Mesquite, TX 75150",(972) 613-6684,https://sites.google.com/view/budgetinnoftexas/home,,,3.4,290,https://serpapi.com/search.json?engine=google_maps&google_domain=google.com&hl=en&place_id=ChIJH0XAGAykToYRzXOOrKSQiLc
Fort Davis Inn & R.V. Park,"2201 TX-17, Fort Davis, TX 79734",(432) 426-2112,https://ftdavisinn.com/,"info@ftdavisinn.com, ftdavisinn.tx@gmail.com",,4.2,0,https://serpapi.com/search.json?engine=google_maps&google_domain=google.com&hl=en&place_id=ChIJceCnVJzs74YRs71z4T3Xdt4
Harvard Hotel and Lodge,"109 State St, Fort Davis, TX 79734",(432) 426-2500,https://harvardhotelandlodge.com/hotel/,,,4.3,0,https://serpapi.com/search.json?engine=google_maps&google_domain=google.com&hl=en&place_id=ChIJLX1zAUPr74YRoP5gK9w7VWc
Mountainside Inn,"400 4th St, Fort Davis, TX 79734",(512) 751-7422,http://www.mountainsideinntx.com/,info@mountainsideinntx.com,,4.8,0,https://serpapi.com/search.json?engine=google_maps&google_domain=google.com&hl=en&place_id=ChIJfdhbvSPr74YRfDDIJ8fMmso
Davis Mountains Inn Bed and Breakfast,"43417 TX-17, Fort Davis, TX 79734",(432) 426-3939,http://www.davismountainsinn.com/,davismountainsinn@yahoo.com,,4.7,0,https://serpapi.com/search.json?engine=google_maps&google_domain=google.com&hl=en&place_id=ChIJNRR6wzfr74YRd_D2HcvMINs
Hotel Limpia,"101 Memorial Square, Fort Davis, TX 79734",(432) 426-3237,http://www.hotellimpia.com/,frontdesk@hotellimpia.com,,4.3,0,https://serpapi.com/search.json?engine=google_maps&google_domain=google.com&hl=en&place_id=ChIJAQAAAADs74YRDSGprTSxm3s
Stone Village Tourist Camp,"509 State St, Fort Davis, TX 79734",(432) 426-3941,http://www.stonevillagetouristcamp.com/,stonevillagetouristcamp@hotmail.com,,4.7,0,https://serpapi.com/search.json?engine=google_maps&google_domain=google.com&hl=en&place_id=ChIJx1BIuGfr74YR8CP8v4BrUOw
Fort Davis Drug Store Hotel,"111 State St, Fort Davis, TX 79734",(432) 426-3929,https://fortdavisdrug.com/,,,4.3,0,https://serpapi.com/search.json?engine=google_maps&google_domain=google.com&hl=en&place_id=ChIJxfDG_ULr74YRDv4cfzc2wEo
Mountain View Lodge,"501 TX-118, Fort Davis, TX 79734",(432) 426-3481,http://www.mountainviewlodgetx.com/,,,4.8,0,https://serpapi.com/search.json?engine=google_maps&google_domain=google.com&hl=en&place_id=ChIJDzzlMRPr74YRFO7MrXycyXw
Indian Lodge,"16453 Park Rd 3, Fort Davis, TX 79734",,https://tpwd.texas.gov/state-parks/indian-lodge,,"Assistance 
 
 
 
 
 Education 
 Classroom Resources 
 Hunter Education 
 Boater Education 
 Angler ",4.7,0,https://serpapi.com/search.json?engine=google_maps&google_domain=google.com&hl=en&place_id=ChIJIzDDj16V74YRZLkkj46x610
Historic Prude Ranch,"201 Prude Guest Ranch Rd, Fort Davis, TX 79734",(432) 426-3201,https://www.prude-ranch.com/,"pruderanchfrontoffice@gmail.com, pruderanchgroupoffice@gmail.com, pruderanchsummercamp@gmail.com",,4.4,0,https://serpapi.com/search.json?engine=google_maps&google_domain=google.com&hl=en&place_id=ChIJ61Hp-kLr74YR_UpyX0AtsmU
Harvard Lodge,"1900 Sproul Rd, Fort Davis, TX 79734",(432) 426-2500,http://www.harvardhotelandlodge.com/,,,4.3,0,https://serpapi.com/search.json?engine=google_maps&google_domain=google.com&hl=en&place_id=ChIJr82achuT74YRBzrBOtubExM
Camp Davis RV Park,"43424 TX-17, Fort Davis, TX 79734",(432) 426-8089,https://campdavistexas.com/,info@campdavistexas.com,,4.2,0,https://serpapi.com/search.json?engine=google_maps&google_domain=google.com&hl=en&place_id=ChIJd8-JD0jr74YRYWEaCMgEEpw
Davis Mountain RV Park,"43125 North, TX-17, Fort Davis, TX 79734",(432) 249-0327,http://davismountainrvpark.com/,davismountainrvpark@gmail.com,,4.7,63,https://serpapi.com/search.json?engine=google_maps&google_domain=google.com&hl=en&place_id=ChIJEaXzscTt74YRJW3Dj_nIMQo
Marathon Motel & RV Park,"701 US-90, Marathon, TX 79842",(432) 386-4241,http://www.marathonmotel.com/,,,4.5,509,https://serpapi.com/search.json?engine=google_maps&google_domain=google.com&hl=en&place_id=ChIJn9WxgrTM8YYR9PsDXcgsp-g
Captain Sheperd Inn,"209 2nd St NE, Marathon, TX 79842",,http://gagehotel.com/accommodations/captain-shepard-house/,,,4.3,4,https://serpapi.com/search.json?engine=google_maps&google_domain=google.com&hl=en&place_id=ChIJtTpZ2kfL8YYRSWK4F4dGtCM
Gage Hotel,"102 NW 1st St, Highway 90W #90w, Marathon, TX 79842",(432) 386-4205,http://gagehotel.com/,,,4.6,697,https://serpapi.com/search.json?engine=google_maps&google_domain=google.com&hl=en&place_id=ChIJyYi_PUbL8YYRuMIJDhXHu8c
Eve's Garden Bed & Breakfast,"200 3rd St, Marathon, TX 79842",,http://www.evesgarden.org/,info@evesgarden.org,,4.9,120,https://serpapi.com/search.json?engine=google_maps&google_domain=google.com&hl=en&place_id=ChIJWYWkgEjL8YYRVV4nqiMpb4M
Wedin House Gage Hotel,"107 Airport Rd, Marathon, TX 79842",,https://gagehotel.com/accommodations/casitas/,,,4.8,9,https://serpapi.com/search.json?engine=google_maps&google_domain=google.com&hl=en&place_id=ChIJ9To_Xj_L8YYRQu2nn7d2jCA
Chisos Mining Co. Motel,"23280 FM170, Terlingua, TX 79852",(432) 371-2254,http://www.motelsbigbend.com/,chisosmc@gmail.com,,4.1,190,https://serpapi.com/search.json?engine=google_maps&google_domain=google.com&hl=en&place_id=ChIJq6qqqqr-7YYRrW9Vlz1Oyc8
El Dorado Hotel,"Terlingua Ghost Town, Terlingua, TX 79852",(432) 371-3282,https://www.ghosttownhotel.com/,reservations@ghosttownhotel.com,,3.7,253,https://serpapi.com/search.json?engine=google_maps&google_domain=google.com&hl=en&place_id=ChIJGTRcfg_57YYRwsZDxRR_lnY
Terlingua Nights Cabins,"29.332373,-103.533349, Terlingua, TX 79852",(432) 239-0007,http://www.terlinguanights.com/,,,3.5,77,https://serpapi.com/search.json?engine=google_maps&google_domain=google.com&hl=en&place_id=ChIJIxggSQcH8oYRAQas2abKz_E
RuinsTerlingua,"1 KAYAK RUN, Terlingua, TX 79852",(432) 294-4200,https://www.ruinsterlingua.com/,info@ruinsbigbend.com,,4.9,18,https://serpapi.com/search.json?engine=google_maps&google_domain=google.com&hl=en&place_id=ChIJW5R_kID57YYRuw3yQy6e2vs
Paisano Village RV Park & Inn,"53690 TX-118, Terlingua, TX 79852",(432) 371-2057,http://paisanovillagervparkandinn.com/,paisanovillage@gmail.com,,4.9,289,https://serpapi.com/search.json?engine=google_maps&google_domain=google.com&hl=en&place_id=ChIJ66nWx5MH8oYRW2_b62AW9dY
Big Bend Station,"53623 TX-118, Terlingua, TX 79852",(432) 371-3382,https://www.bigbendstation.com/?utm_source=google&utm_medium=organic&utm_campaign=gbp_listing,,,3.7,868,https://serpapi.com/search.json?engine=google_maps&google_domain=google.com&hl=en&place_id=ChIJq6qqqqr-7YYRy1xaU66Rxw0
The Buzzard's Roost,"333 Goat Trak Trl, Terlingua, TX 79852",(432) 955-6244,http://www.buzzardsroostterlingua.com/,anita@buzzardsroostrentals.com,,4.8,97,https://serpapi.com/search.json?engine=google_maps&google_domain=google.com&hl=en&place_id=ChIJPUNRLXX57YYRl3F5hBbYcTo
Easter Egg Valley Motel,"100 Easter Egg Valley, Terlingua, TX 79852",(432) 371-2254,https://motelsbigbend.com/hotels-big-bend-site-map/,chisosmc@gmail.com,,3.9,13,https://serpapi.com/search.json?engine=google_maps&google_domain=google.com&hl=en&place_id=ChIJc8kHa1f67YYRaJigz2c4vt4
Longhorn Ranch Motel,"52370 TX-118, Terlingua, TX 79852",(432) 371-2541,http://www.bigbendlonghorn.com/,,,4.1,132,https://serpapi.com/search.json?engine=google_maps&google_domain=google.com&hl=en&place_id=ChIJE92a-sYA8oYRs0d6IWIMKNk
Ghost Town Hotel & High Sierra Bar & Grill,"100 Ghost Town Rd, Terlingua, TX 79852",,https://www.ghosttownhotel.com/,reservations@ghosttownhotel.com,,4.1,1108,https://serpapi.com/search.json?engine=google_maps&google_domain=google.com&hl=en&place_id=ChIJn1nd4w4C7oYR17tYUlwBhhY
Big Bend Holiday Hotel,"100 Ivey Rd, Terlingua, TX 79852",(432) 203-6929,http://www.bigbendholidayhotel.com/,,the Bill Ivey family,4.7,146,https://serpapi.com/search.json?engine=google_maps&google_domain=google.com&hl=en&place_id=ChIJdZgLNnT57YYRdGhTb0UnsD8
Terlingua Ranch Lodge,"16000 Terlingua Ranch Rd, 29.4525654, -103.3941576, Terlingua, TX 79852",(432) 371-3146,https://terlinguaranch.com/,,,4.5,541,https://serpapi.com/search.json?engine=google_maps&google_domain=google.com&hl=en&place_id=ChIJWZrwgqoA7oYRimXjlDy0-0Y
Nuevo Terlingua,"23041 FM170, Terlingua, TX 79852",(432) 538-3231,https://nuevoterlingua.com/,contact@nuevoterlingua.com,,4.6,60,https://serpapi.com/search.json?engine=google_maps&google_domain=google.com&hl=en&place_id=ChIJI75SIfn47YYR1U35mtbsF2w
Agave Terlingua,"520 Kempf Rd, Terlingua, TX 79852",(800) 749-1509,https://basecampterlingua.com/agave/,info@basecampterlingua.com,,4.5,26,https://serpapi.com/search.json?engine=google_maps&google_domain=google.com&hl=en&place_id=ChIJUb1Kz7n57YYR5WxYsxTu-2Y
Far Flung Outdoor Center,"23310 FM170, Terlingua, TX 79852",(432) 371-2633,http://www.bigbendfarflung.com/,,,4.9,695,https://serpapi.com/search.json?engine=google_maps&google_domain=google.com&hl=en&place_id=ChIJq6qqqqr-7YYRCOP1fMaz3vk
Willow House,"23112 FM170, Terlingua, TX 79852",(432) 213-2270,http://willowhouse.co/,info@willowhouse.co,on duty at,4.9,149,https://serpapi.com/search.json?engine=google_maps&google_domain=google.com&hl=en&place_id=ChIJ5fYuQOD_7YYR6VHzUgvIhck
Bubble Terlingua,"411 Fulcher Rd, Terlingua, TX 79852",,http://basecampterlingua.com/,info@basecampterlingua.com,,3.9,36,https://serpapi.com/search.json?engine=google_maps&google_domain=google.com&hl=en&place_id=ChIJSddyZMoH8oYR_eJPgxagtAk
Villa Terlingua,"100 Guadalupe Loop, Terlingua, TX 79852",(469) 607-9828,http://www.villaterlingua.com/,cynta@villaterlingua.com,,4.9,55,https://serpapi.com/search.json?engine=google_maps&google_domain=google.com&hl=en&place_id=ChIJJeWCqXT57YYRcDY-rK_8LS4
Ocotillo Suite,"510 Kempf Rd, Terlingua, TX 79852",,http://basecampterlingua.com/,info@basecampterlingua.com,,4.8,17,https://serpapi.com/search.json?engine=google_maps&google_domain=google.com&hl=en&place_id=ChIJeaW0Xw757YYRtga9H6nMGhA
Camp Elena,"40 ET Rd, Terlingua, TX 79852",(432) 217-0003,http://www.campelena.com/,hello@campelena.com,,4.9,126,https://serpapi.com/search.json?engine=google_maps&google_domain=google.com&hl=en&place_id=ChIJRXe3Ro757YYR6G8v4qG_Tbw
Terlingua Escondido,"22900 FM170, Terlingua, TX 79852",,http://www.terlinguaescondido.com/,,,4.5,11,https://serpapi.com/search.json?engine=google_maps&google_domain=google.com&hl=en&place_id=ChIJgzfCG_D57YYR6kRgxe0nDeg
Atrium Inn,"1305 US Hwy 285, Fort Stockton, TX 79735",(432) 336-5633,http://www.atrium-inn.com/,,,3.8,458,https://serpapi.com/search.json?engine=google_maps&google_domain=google.com&hl=en&place_id=ChIJ5wA0-qt-8IYRrEUfwr9Hl2k
Deluxe Inn,"500 E Dickinson Blvd Lot 1, Fort Stockton, TX 79735",(432) 336-2231,https://www.deluxeinnfortstockton.xyz/,,,4.2,402,https://serpapi.com/search.json?engine=google_maps&google_domain=google.com&hl=en&place_id=ChIJu41Sh59-8IYRZja-p4qlZ70
"BoxHouse Villages, Pecos","1 Co Rd 204, Pecos, TX 79772",(432) 243-3641,https://hotels.cloudbeds.com/reservation/VN7uff,,,4.9,54,https://serpapi.com/search.json?engine=google_maps&google_domain=google.com&hl=en&place_id=ChIJ2-E2w9zN-oYRe6Ess24a9-U
Target Lodging Pecos,"23 Co Rd 116, Pecos, TX 79772",(432) 755-0552,https://www.targethospitality.com/lodge/pecos-south-lodge/,,,3.9,329,https://serpapi.com/search.json?engine=google_maps&google_domain=google.com&hl=en&place_id=ChIJjRRuOUPM-oYRcipyydMn31E
