Name,Address,Phone,Website,Email(s),Owner/Manager,Rating,Reviews,Google Maps URL
Guest Inn - San Benito/Harlingen,"2597 US-77 Bldg C, San Benito, TX 78586",(956) 276-4457,http://www.guestinnsanbenito.com/,,,3.6,230,https://serpapi.com/search.json?engine=google_maps&google_domain=google.com&hl=en&place_id=ChIJfVMjNKyDb4YRAPkfnoQnAxw
Americas Best Value Inn Harlingen,"4401 S Expressway 83, Harlingen, TX 78550",(956) 425-1333,https://www.sonesta.com/americas-best-value-inn/tx/harlingen/americas-best-value-inn-harlingen?utm_source=google&utm_medium=organic&utm_campaign=gmb,sales@redlion.com,,4.3,320,https://serpapi.com/search.json?engine=google_maps&google_domain=google.com&hl=en&place_id=ChIJs9dmDsyDb4YRxOw8FVWXV1A
Texas Inn San Benito near Harlingen,"1451 W Expy 83, San Benito, TX 78586",,https://www.travlu.com/hotels/texas/san%20benito/texas-inn-san-benito,info@travlu.com,,3.5,98,https://serpapi.com/search.json?engine=google_maps&google_domain=google.com&hl=en&place_id=ChIJ8TghbJ6Db4YRn0MYl_IgrA8
Texas Inn,"406 US-77 Frontage Rd, Harlingen, TX 78550",(956) 412-7771,http://www.texasinnharlingentx.com/,info@texasinnharlingentx.com,,3.9,168,https://serpapi.com/search.json?engine=google_maps&google_domain=google.com&hl=en&place_id=ChIJr-2EE2d_b4YRrv6ouxy2Js4
Lone Star Inn - San Benito,"2340 W Expy 83, San Benito, TX 78586",(956) 361-4404,http://lonestarinnsanbenito.com/,,,3.9,183,https://serpapi.com/search.json?engine=google_maps&google_domain=google.com&hl=en&place_id=ChIJx1pPMpGBb4YRgL4a7rK9bpU
Americas Best Value Inn & Suites San Benito,"175 W Expy 83, San Benito, TX 78586",(956) 361-2222,https://www.sonesta.com/americas-best-value-inn/tx/san-benito/americas-best-value-inn-suites-san-benito?utm_source=google&utm_medium=organic&utm_campaign=gmb,sales@redlion.com,,3.6,247,https://serpapi.com/search.json?engine=google_maps&google_domain=google.com&hl=en&place_id=ChIJb-L0SGbLEhQRaH02hGfKkho
Budget Inn,"2055 W U.S. 77, San Benito, TX 78586",(956) 399-6148,http://budget-inn-san-benito.jany.io/,,,3.1,37,https://serpapi.com/search.json?engine=google_maps&google_domain=google.com&hl=en&place_id=ChIJu7rpbgF_b4YR0RP4_c6p2Qc
Americas Best Value Inn Brownsville,"7364 Padre Island Hwy, Brownsville, TX 78521",(956) 832-0202,https://www.sonesta.com/americas-best-value-inn/tx/brownsville/americas-best-value-inn-brownsville?utm_source=google&utm_medium=organic&utm_campaign=gmb,sales@redlion.com,,3.8,276,https://serpapi.com/search.json?engine=google_maps&google_domain=google.com&hl=en&place_id=ChIJXSql0ge-b4YRKAClceeycGw
Motel La Vista,"713 Frontage Rd, Brownsville, TX 78520",(956) 542-8383,http://motellavista.com/,info@motellavista.com,,4.2,202,https://serpapi.com/search.json?engine=google_maps&google_domain=google.com&hl=en&place_id=ChIJmwgQwuGTb4YRkcHGvxq64Tk
Los Fresnos Inn,"906 W Ocean Blvd #3662, Los Fresnos, TX 78566",(956) 233-1133,http://losfresnosinnandsuites.com/,losfresnosinn906@gmail.com,,4,210,https://serpapi.com/search.json?engine=google_maps&google_domain=google.com&hl=en&place_id=ChIJibykEK6Zb4YRfnnYestZzXg
Hotel O Colonial Inn Brownsville Tx,"1147 E Levee St, Brownsville, TX 78520",(713) 936-0104,https://www.oyorooms.com/us/317185/?utm_source=GMB&utm_medium=Organic&utm_campaign=US_BVHS001,,,3.3,12,https://serpapi.com/search.json?engine=google_maps&google_domain=google.com&hl=en&place_id=ChIJ1YcYQc2Vb4YRlWMnpEEmZ48
Deluxe 6 Inn & Suites,"8280 Frontage Rd, Brownsville, TX 78521",(956) 350-8855,http://www.deluxe6innsuites.us/,,,3.7,323,https://serpapi.com/search.json?engine=google_maps&google_domain=google.com&hl=en&place_id=ChIJR20PEKmQb4YR3fihOEUStrc
Texas Inn Brownsville by Hotel O,"845 North Expy #77, Brownsville, TX 78520",(252) 395-8178,https://www.oyorooms.com/us/356706/?utm_source=GMB&utm_medium=Organic&utm_campaign=US_BVHS002,,,3.5,290,https://serpapi.com/search.json?engine=google_maps&google_domain=google.com&hl=en&place_id=ChIJmUo0iiOUb4YRdMi5rQDKB5Q
Casa Rosa Inn,"761 TX-100, Port Isabel, TX 78578",(956) 943-2052,http://casarosainn.com/,,,4.3,702,https://serpapi.com/search.json?engine=google_maps&google_domain=google.com&hl=en&place_id=ChIJSdRK0TWub4YRV8iSwtNJxDU
La Copa Inn Brownsville,"3575 W Alton Gloor Blvd, Brownsville, TX 78520",(956) 350-3800,https://www.lacopainn.com/brownsville-motels,,,3.3,177,https://serpapi.com/search.json?engine=google_maps&google_domain=google.com&hl=en&place_id=ChIJCT1mLtKWb4YRsOWu5Am6oxs
Rooms at The Pecan,"5533 Frontage Rd, Brownsville, TX 78520",(956) 589-0929,http://www.roomsatthepecan.com/,info@roomsatthepecan.com,,4.4,189,https://serpapi.com/search.json?engine=google_maps&google_domain=google.com&hl=en&place_id=ChIJgxt-t9WWb4YR2yCHU7kGy68
Executive Inn & Suites,"1411 TX-100, Laguna Vista, TX 78578",(956) 433-5131,https://executiveinnlv.com/,info@executiveinnlv.com,,2.9,240,https://serpapi.com/search.json?engine=google_maps&google_domain=google.com&hl=en&place_id=ChIJ8VQbmoivb4YREtjmYVznvDg
La Copa Inn,"1010 W Houston Ave, McAllen, TX 78501",(956) 683-7700,https://rapidhotels.com/LaCopaInn,info@rapidhotels.com,,3,478,https://serpapi.com/search.json?engine=google_maps&google_domain=google.com&hl=en&place_id=ChIJ5R6Q9k-nZYYRYBPZx0L1WYM
Americas Best Value Inn Pharr,"1301 W Expy 83, Pharr, TX 78577",(956) 702-4880,https://www.sonesta.com/americas-best-value-inn/tx/pharr/americas-best-value-inn-pharr?utm_source=google&utm_medium=organic&utm_campaign=gmb,sales@redlion.com,,3.7,456,https://serpapi.com/search.json?engine=google_maps&google_domain=google.com&hl=en&place_id=ChIJi6DWxZ2hZYYR1avaWoAWUN0
Texas Inn McAllen,"6420 S 23rd St, McAllen, TX 78503",(956) 688-6666,https://www.texasinnmcallen.com/,info@texasinnmcallen.com,,3.6,381,https://serpapi.com/search.json?engine=google_maps&google_domain=google.com&hl=en&place_id=ChIJPQkufbAJZYYR166LGqi397Y
Texas Inn Downtown McAllen near Airport/Mall,"1420 E Jackson Ave, McAllen, TX 78503",(956) 682-1190,https://reservation.asiwebres.com/v2/RoomAvailability.aspx?id=eae5a431ae834f38b6190294d5c2bee1,,,3.8,249,https://serpapi.com/search.json?engine=google_maps&google_domain=google.com&hl=en&place_id=ChIJ23UTmKagZYYRWkvGHh2iUBo
Pen-Ann Motel,"1007 W U.S. Hwy 83, Pharr, TX 78577",(956) 787-3267,https://www.pen-annmotel.com/,penann99@gmail.com,,4,49,https://serpapi.com/search.json?engine=google_maps&google_domain=google.com&hl=en&place_id=ChIJMUSB0pmgZYYRWoj6r_aeiSo
Texas Inn & Suites Pharr/San Juan,"1130 I-2, Pharr, TX 78577",(956) 702-3330,http://www.istaytexasinn.com/#/,,,4,242,https://serpapi.com/search.json?engine=google_maps&google_domain=google.com&hl=en&place_id=ChIJJRvp7mWgZYYR170RCxpK5ws
Aloha Inn,"301 E U.S. Highway 83, 301 US-83 BUS, McAllen, TX 78501",(956) 682-6082,https://www.alohainnmcallentx.com/,info@alohainnmcallen.com,,3.6,154,https://serpapi.com/search.json?engine=google_maps&google_domain=google.com&hl=en&place_id=ChIJLYRm87OgZYYR8xwEXxsRgSI
Seventeen Love Motel Boutique,"620 S 17th St, McAllen, TX 78501",(956) 560-2391,http://seventeenlovemotelboutique.com/,,,4.6,11,https://serpapi.com/search.json?engine=google_maps&google_domain=google.com&hl=en&place_id=ChIJn3_WXXynZYYRSfJL6qHRqxI
La Copa Hotel,"2000 S 10th St, McAllen, TX 78503",(956) 686-1741,http://www.lacopainn.com/mcallen-hotels,,,4,453,https://serpapi.com/search.json?engine=google_maps&google_domain=google.com&hl=en&place_id=ChIJ-0IwNFinZYYRpGyTHOqygUU
Texas Inn Alamo,"714 N Alamo Rd, Alamo, TX 78516",(956) 787-9444,https://fastmx.cfd/texas-alamo-dig60z,,,3.5,260,https://serpapi.com/search.json?engine=google_maps&google_domain=google.com&hl=en&place_id=ChIJq2UiHeOfZYYRQzxPbyaBGfY
The Bungalows on Shary,"3700 Plantation Grove Blvd, Mission, TX 78572",(956) 519-9696,http://www.bungalowsonshary.com/,,,4.3,0,https://serpapi.com/search.json?engine=google_maps&google_domain=google.com&hl=en&place_id=ChIJHSZtMxEIZYYRhtEpGK22Q7o
Shary Inn and Suites,"203 S Shary Rd, Mission, TX 78572",(956) 583-0362,http://shary-inn-and-suites.com.es/,,,3.6,0,https://serpapi.com/search.json?engine=google_maps&google_domain=google.com&hl=en&place_id=ChIJsSOY6penZYYRCVCuidf4MhE
McAllen Mission RV Resort,"3366 N Bentsen Palm Dr, Mission, TX 78574",(956) 585-7630,https://missionrvresort.com/?utm_source=google&utm_medium=organic&utm_campaign=gbp,"info@investorade.com, hello@missionrvresort.com",,4.4,93,https://serpapi.com/search.json?engine=google_maps&google_domain=google.com&hl=en&place_id=ChIJBZlsfSmwZYYRuTnxjakSLuw
Seven Oaks Resort,"801 S Inspiration Rd, Mission, TX 78572",(956) 581-0068,http://sevenoaksresort.com/,,,4.3,76,https://serpapi.com/search.json?engine=google_maps&google_domain=google.com&hl=en&place_id=ChIJ2WvTXcupZYYRZRBRJ9BeaDI
J Five Mobile Home & RV Park,"3907 N Taylor Rd, Mission, TX 78573",(956) 682-7495,http://j5rvparktexas.com/,info@j5rvparktexas.com,,4.4,67,https://serpapi.com/search.json?engine=google_maps&google_domain=google.com&hl=en&place_id=ChIJi9JMdVymZYYRaSvsrMvfS68
Bentsen Palm RV Park,"3501 N Bentsen Palm Dr, Mission, TX 78574",(956) 585-0541,http://bentsenpalmrvpark.com/,,Billy Boren,4.5,93,https://serpapi.com/search.json?engine=google_maps&google_domain=google.com&hl=en&place_id=ChIJa2xbvjupZYYRNm0M4KQ9-6s
Executive Inn-Edinburg,"2006 S Closner Blvd, Edinburg, TX 78539",(956) 380-6201,https://www.executiveinnedinburg.com/,,,4.1,198,https://serpapi.com/search.json?engine=google_maps&google_domain=google.com&hl=en&place_id=ChIJKTinlCeiZYYR0JUky2iHVXM
Texas Inn and Suites City Center at University Dr,"202 N 25th Ave, Edinburg, TX 78542",(956) 381-1688,https://reservation.asiwebres.com/v2/RoomAvailability.aspx?id=373a686c0c6e4fbc9c94e301d12cb12b,,,3.2,283,https://serpapi.com/search.json?engine=google_maps&google_domain=google.com&hl=en&place_id=ChIJKy78IBKiZYYRJSnZlRiFHnc
"HomeStay Inn & Suites-Edinburg, Texas","2737 South Bus, S U.S. Hwy 281, Edinburg, TX 78539",(956) 348-2460,https://homestay-inn-amp-edinburg.besthotel.com.es/,,,3.9,176,https://serpapi.com/search.json?engine=google_maps&google_domain=google.com&hl=en&place_id=ChIJ42pSUWahZYYRKEk172-sGJw
Texas Inn Weslaco,"1818 N Texas Blvd, Weslaco, TX 78599",(956) 351-5657,http://www.texasinnweslaco.com/,,,3.9,251,https://serpapi.com/search.json?engine=google_maps&google_domain=google.com&hl=en&place_id=ChIJwZ_qa8Z3ZYYRRK1dPLtDuns
Weslaco Inn by Capital O Near Mercedes,"2716 Business Hwy 83 E, Weslaco, TX 78596",(956) 351-5158,http://www.weslacoinn.com/,,,3.9,350,https://serpapi.com/search.json?engine=google_maps&google_domain=google.com&hl=en&place_id=ChIJZe4Hoyp4ZYYRtc-1xfhaPps
Express Inn,"3021 E Expressway 83, Weslaco, TX 78596",(956) 447-8088,https://weslacohotel.com/,,,3.5,189,https://serpapi.com/search.json?engine=google_maps&google_domain=google.com&hl=en&place_id=ChIJkw-P0Id3ZYYRyivnlsAlomQ
Victoria Palms Inn & Suites,"3309 E Interstate Hwy 2, Donna, TX 78537",(956) 782-3200,https://www.vpalms.com/?utm_source=google&utm_medium=organic&utm_campaign=gbp_listing,,,4.3,507,https://serpapi.com/search.json?engine=google_maps&google_domain=google.com&hl=en&place_id=ChIJ5f11ZxR2ZYYR1Y0Hr6nSU94
Texas Inn Donna,"2005 E Expressway 83, Donna, TX 78537",(956) 461-2226,https://www.texasinndonnadonna.com/,,,4.1,181,https://serpapi.com/search.json?engine=google_maps&google_domain=google.com&hl=en&place_id=ChIJ6UXv_KR3ZYYR5Fyji67N9FM
Dolphin Motel & RV Park,"2301 Hooks Ave, Donna, TX 78537",(956) 464-4700,https://dolphinmotelandrvpark.com/,,,4,167,https://serpapi.com/search.json?engine=google_maps&google_domain=google.com&hl=en&place_id=ChIJRQUKCXN2ZYYRH56rnC5KmB0
Texas Inn - La Feria,"1202 N Main St, La Feria, TX 78559",(956) 797-9898,https://laferiatexasinn.com/,,,3.7,141,https://serpapi.com/search.json?engine=google_maps&google_domain=google.com&hl=en&place_id=ChIJ17GjMal_ZYYRnez1yRga6UE
Kenwood 55+ RV Resort,"1201 N Main St UNIT 1, La Feria, TX 78559",(956) 797-1851,https://www.bayshorehomesales.com/communities/kenwood?utm_campaign=WebsiteURL&utm_medium=organic&utm_source=GMB,,for details,4.8,33,https://serpapi.com/search.json?engine=google_maps&google_domain=google.com&hl=en&place_id=ChIJBQ_44qt_ZYYRJR-8cgnI_Q4
Encore Fun-N-Sun,"1400 Zillock Rd, San Benito, TX 78586",(956) 399-5125,https://thousandtrails.com/texas/fun-n-sun-rv-resort?utm_source=BirdEye&utm_medium=directory&utm_campaign=BirdEye%20Directory%20Listing,,or other employee working at that campground or resort should reach out to you after you make the,4.5,353,https://serpapi.com/search.json?engine=google_maps&google_domain=google.com&hl=en&place_id=ChIJo-ygTJGDb4YRiZTqvwXa7bM
"SouthWind Inn, TX","600 E Davis St MAIN OFFICE, Port Isabel, TX 78578",(956) 943-3392,https://southwindinntx.com/,"angela@piparkcenter.com, southwindinn@yahoo.com",,4.1,136,https://serpapi.com/search.json?engine=google_maps&google_domain=google.com&hl=en&place_id=ChIJNfRlC6Glb4YRPJ10ZGJwAls
The Lighthouse Boutique Hotel,"401 E Maxan St, Port Isabel, TX 78578",(956) 336-1794,https://lighthouseboutiquehotel.com/,reservations@lighthouseboutiquehotel.com,,4.8,174,https://serpapi.com/search.json?engine=google_maps&google_domain=google.com&hl=en&place_id=ChIJmwwqZKWvb4YRfA-KIVfw8zg
Blue Bay Inn and Suites,"901 Padre Blvd, South Padre Island, TX 78597",(956) 761-4350,https://www.bluebayinnsuites.com/,,,3.4,1057,https://serpapi.com/search.json?engine=google_maps&google_domain=google.com&hl=en&place_id=ChIJI1S9V86tb4YRqwY11VWttAI
South Padre Island Lodge,"3913 Padre Blvd, South Padre Island, TX 78597",(956) 761-7831,http://www.southpadreislandlodge.com/,southpadreislandlodge@gmail.com,,2.8,542,https://serpapi.com/search.json?engine=google_maps&google_domain=google.com&hl=en&place_id=ChIJ4eU7GiWsb4YRBGNNPgUJiRg
WindWater Hotel & Marina,"5701 Padre Blvd, South Padre Island, TX 78597",(956) 761-4913,http://www.windwaterhotel.com/,,,3.1,1071,https://serpapi.com/search.json?engine=google_maps&google_domain=google.com&hl=en&place_id=ChIJ05mweRmsb4YRv7atb_gG8nk
Suites at Sunchase,"1004 Padre Blvd H1, South Padre Island, TX 78597",(956) 761-7711,https://www.sunchasesuites.com/,sunchase@continentalhospitality.com,,3.2,1026,https://serpapi.com/search.json?engine=google_maps&google_domain=google.com&hl=en&place_id=ChIJH7FvD8-tb4YRyfYnLWth6Sw
Lighthouse Inn,"1701 Padre Blvd, South Padre Island, TX 78597",(956) 299-4154,http://www.lighthouseinnspi.com/,,,4,624,https://serpapi.com/search.json?engine=google_maps&google_domain=google.com&hl=en&place_id=ChIJ5TQFAM2tb4YRZN4zj3uu-go
Padre South Hotel,"1500 Gulf Blvd, South Padre Island, TX 78597",(956) 761-4951,http://www.padresouth.com/,reservations@padresouth.com,,4,1741,https://serpapi.com/search.json?engine=google_maps&google_domain=google.com&hl=en&place_id=ChIJe6afbMytb4YRnQ8GeuAFM88
Ocean Inn South Padre Island,"4013 Padre Blvd, South Padre Island, TX 78597",(956) 761-6339,http://www.oceaninnspi.com/,,,3,814,https://serpapi.com/search.json?engine=google_maps&google_domain=google.com&hl=en&place_id=ChIJkdm64ySsb4YRNy5P4zQYHjU
Port Isla Inn,"200 2nd St, Port Isabel, TX 78578",(956) 772-2020,https://www.portislainns.com/,,,3.8,370,https://serpapi.com/search.json?engine=google_maps&google_domain=google.com&hl=en&place_id=ChIJybJNecqvb4YRRygOc2Pabtw
South Padre Island Inn,"4109 Padre Blvd, South Padre Island, TX 78597",(956) 761-5531,http://www.southpadrislandinn.com/,,,4.1,1061,https://serpapi.com/search.json?engine=google_maps&google_domain=google.com&hl=en&place_id=ChIJP2Un8CSsb4YRCHHB-WpTE34
Queen Isabel Inn,"300 S Garcia St, Port Isabel, TX 78578",(956) 943-1468,http://www.queenisabelinn.com/,,,3.5,20,https://serpapi.com/search.json?engine=google_maps&google_domain=google.com&hl=en&place_id=ChIJ767zzUCub4YRwolTDmmfTTw
"White Sands Bar & Grill, Inn&Suites, Bait Shop, and Marina","418 TX-100, Port Isabel, TX 78578",(956) 943-2414,http://www.wsinnandsuites.com/,frontdesk@whitesandsinnandsuites.com,,4.2,840,https://serpapi.com/search.json?engine=google_maps&google_domain=google.com&hl=en&place_id=ChIJZwN200mub4YRm3dK3lHC94Y
Flamingo Inn,"3408 Padre Blvd, South Padre Island, TX 78597",(956) 761-3377,http://www.flamingo-spi.com/,,,3.5,257,https://serpapi.com/search.json?engine=google_maps&google_domain=google.com&hl=en&place_id=ChIJESMT3y-sb4YRQEsX1d4qoEk
El Delfín Lodge,"5401 Padre Blvd, South Padre Island, TX 78597",(956) 772-7007,http://www.eldelfinlodge.com/,,,4,174,https://serpapi.com/search.json?engine=google_maps&google_domain=google.com&hl=en&place_id=ChIJjyHyUf6tb4YRUKsvVntr2I4
Isla Grand Beach Resort,"500 Padre Blvd, South Padre Island, TX 78597",(956) 761-6511,https://islagrand.com/,reservations@islagrand.com,,4.1,3347,https://serpapi.com/search.json?engine=google_maps&google_domain=google.com&hl=en&place_id=ChIJ5WBGU8-tb4YR6Ok1wVl51nQ
Coco Beach Hotel On The Beach,"2612 Gulf Blvd, South Padre Island, TX 78597",(956) 524-4400,http://www.cocobeachspi.com/,info@cocobeachspi.com,,4,981,https://serpapi.com/search.json?engine=google_maps&google_domain=google.com&hl=en&place_id=ChIJ8_o5ujOsb4YRpyAbGrSWBaY
The Inn at South Padre,"1709 Padre Blvd, South Padre Island, TX 78597",(956) 761-5658,http://theinnsouthpadre.com/,,,3.7,1022,https://serpapi.com/search.json?engine=google_maps&google_domain=google.com&hl=en&place_id=ChIJaYZAC82tb4YRjuWgeOWN0FY
Upper Deck Hotel & Bar,"120 E Atol St, South Padre Island, TX 78597",(956) 761-5953,https://www.upperdeckhotel.com/?y_source=1_NzIxOTE4NjctNzE1LWxvY2F0aW9uLndlYnNpdGU%3D,upperdeckhotel@gmail.com,,4.5,742,https://serpapi.com/search.json?engine=google_maps&google_domain=google.com&hl=en&place_id=ChIJu4TDFDCsb4YR39lTK1X9UWE
Sand Rose Beach Resort,"7000 Padre Blvd, South Padre Island, TX 78597",(956) 772-7000,https://www.sandroseresort.com/,,,4.1,2736,https://serpapi.com/search.json?engine=google_maps&google_domain=google.com&hl=en&place_id=ChIJMy8ppwWsb4YR-niP1lhwFy0
Wanna Wanna Inn Beach Bar & Grill,"5100 Gulf Blvd, South Padre Island, TX 78597",(956) 761-7677,http://www.wannawanna.com/,,,4.5,3289,https://serpapi.com/search.json?engine=google_maps&google_domain=google.com&hl=en&place_id=ChIJA1YEyNatb4YRQptkLUS0iWY
Oleander Beach Lodge,"121 E Oleander St, South Padre Island, TX 78597",(956) 433-9744,http://www.oleanderbeachlodge.com/,chuck4th@gmail.com,,4.6,36,https://serpapi.com/search.json?engine=google_maps&google_domain=google.com&hl=en&place_id=ChIJvYGL2zqsb4YRbdpKkYtA5rQ
Texas Inn & Suites Raymondville,"118 US 77 Frontage Rd, Raymondville, TX 78580",(956) 689-4141,http://book.bestwestern.com/bestwestern/productInfo.do?propertyCode=44431&cm_mmc=PTI-_-local-_-feed-_-44431,,,3.9,172,https://serpapi.com/search.json?engine=google_maps&google_domain=google.com&hl=en&place_id=ChIJo4QGlRtib4YRV6uytuRrVk0
Rio Motel,"1111 W Main St, Rio Grande City, TX 78582",(956) 487-8080,http://riomotel.com/,stay@riomotel.com,,3.7,35,https://serpapi.com/search.json?engine=google_maps&google_domain=google.com&hl=en&place_id=ChIJHRZH_itoZIYRFTrgDdJca_Y
La Borde House,"601 E Main St, Rio Grande City, TX 78582",(956) 487-5101,https://www.labordehouse.com/,,,4.6,70,https://serpapi.com/search.json?engine=google_maps&google_domain=google.com&hl=en&place_id=ChIJY4xFYItCZIYRxNNEPFLfBfc
Las Casitas at Rancho Lomitas,"655 La Sagunada Rd, Rio Grande City, TX 78582",(956) 500-1392,http://www.rancholomitas.com/,info@rancholomitas.com,,5,2,https://serpapi.com/search.json?engine=google_maps&google_domain=google.com&hl=en&place_id=ChIJVZBF6iFBZIYRH5eU-S2-A7s
Hwy 59 Motel,"2503 E Saunders St, Laredo, TX 78041",(956) 441-1772,http://www.hwy59motel.com/,,,3.2,170,https://serpapi.com/search.json?engine=google_maps&google_domain=google.com&hl=en&place_id=ChIJ-TXBcUchYYYRf9wpAvbkmqA
The Rialto Hotel,"1219 Matamoros St, Laredo, TX 78040",(956) 725-1800,http://www.therialtohotel.com/,therialtohotel@gmail.com,,4.4,334,https://serpapi.com/search.json?engine=google_maps&google_domain=google.com&hl=en&place_id=ChIJkdpdbochYYYRkA2suGxn2zY
Hotel Plaza Laredo Inc,"4201 San Bernardo Ave, Laredo, TX 78041",(956) 722-7900,https://www.visitlaredo.com/business/hotel-plaza-laredo,"info@yourwebsite.com, info@visitlaredo.com",,3.5,99,https://serpapi.com/search.json?engine=google_maps&google_domain=google.com&hl=en&place_id=ChIJn7Y-WKYhYYYRkt-ezFSDD0Q
Americas Best Value Inn,"5240 San Bernardo Ave, Laredo, TX 78041",(956) 723-1510,https://www.sonesta.com/americas-best-value-inn/tx/laredo/americas-best-value-inn-laredo?utm_source=google&utm_medium=organic&utm_campaign=gmb,sales@redlion.com,,3.2,1258,https://serpapi.com/search.json?engine=google_maps&google_domain=google.com&hl=en&place_id=ChIJO5Hu7KshYYYRt3bMa0wpjM0
Family Garden Inn & Suites,"5830 San Bernardo Ave, Laredo, TX 78041",(956) 723-5300,http://www.familygardeninn.com/,"management@familygardeninn.com, contact@mysite.com",,4.4,2272,https://serpapi.com/search.json?engine=google_maps&google_domain=google.com&hl=en&place_id=ChIJtUm-JVQgYYYRval5euSCEg4
Landmark Hotel Laredo,"1 S Main Ave, Laredo, TX 78040",(956) 679-3244,http://landmarklaredo.com/,,,4.2,5,https://serpapi.com/search.json?engine=google_maps&google_domain=google.com&hl=en&place_id=ChIJb1nHewQjYYYRYYOvfeLizyc
Laredo Hotel,"4820 San Bernardo Ave, Laredo, TX 78041",(956) 568-9990,https://www.bestwestern.com/en_US/book/hotel-rooms.54071.html?iata=90000026&ssob=BLSSH0004G&cid=BLSSH0004G:google:gmb:54071,,,4.1,452,https://serpapi.com/search.json?engine=google_maps&google_domain=google.com&hl=en&place_id=ChIJGzCZOEchYYYRwQQgYiae0p8
Falcon Executive Inn,"143 US-83, Zapata, TX 78076",(956) 765-6983,http://falcon-inn.edan.io/,,,3.8,88,https://serpapi.com/search.json?engine=google_maps&google_domain=google.com&hl=en&place_id=ChIJPcmMAe1VYYYR-soiivR5SxY
MG INN & SUITES,"178 US-83, Zapata, TX 78076",(956) 750-3330,https://mginnsuites.com/,,,4.9,20,https://serpapi.com/search.json?engine=google_maps&google_domain=google.com&hl=en&place_id=ChIJ9V64LEZVYYYRLJ0n7lN41mU
Beacon Lodge RV Park & Campground,"313 Lake Shore Dr, Zapata, TX 78076",(956) 765-4616,https://beaconlodgerv.com/,stay@beaconlodgerv.com,,4.5,29,https://serpapi.com/search.json?engine=google_maps&google_domain=google.com&hl=en&place_id=ChIJw7murIpVYYYRqfNnhtvHFAc
Lakefront Lodge,"493 Oak St, Zapata, TX 78076",(956) 765-4346,http://www.texaslakefrontlodge.com/,,,4.3,46,https://serpapi.com/search.json?engine=google_maps&google_domain=google.com&hl=en&place_id=ChIJs4smzuRVYYYRCHbCUf_Yejc
Amigo Inn & RV Park,"209 Lake Shore Dr, Zapata, TX 78076",(956) 765-3095,http://amigoinn-rvpark.com/,,,4.6,51,https://serpapi.com/search.json?engine=google_maps&google_domain=google.com&hl=en&place_id=ChIJ7V9_rIpVYYYR4EK9hBaC9c0
Posada Paloma Bed & Breakfast,"610 Washington Ave, San Ygnacio, TX 78067",,http://posadapaloma.com/,,,0.0,0,https://serpapi.com/search.json?engine=google_maps&google_domain=google.com&hl=en&place_id=ChIJuzfa7FdFYYYR7ehlt3Naepg
Budget Inn & Suites,"512 E Riley St, Freer, TX 78357",(361) 394-6103,http://www.budgetinnsuitesfreer.us/,,,4.2,42,https://serpapi.com/search.json?engine=google_maps&google_domain=google.com&hl=en&place_id=ChIJYdT5j6kPZ4YRAg5qv8x86zk
Welcome Inn,"2150 Del Rio Blvd, Eagle Pass, TX 78852",(830) 773-9531,https://www.welcomeinnep.com/,"office@welcomeinnep.com, welcomeinnep@gmail.com",,3.9,195,https://serpapi.com/search.json?engine=google_maps&google_domain=google.com&hl=en&place_id=ChIJgyv1toKOX4YR7Tl4IZ0PBFY
eagle pass inn,"2127 E Main St, Eagle Pass, TX 78852",(830) 757-3700,http://www.eaglepassinn.com/,,,4,112,https://serpapi.com/search.json?engine=google_maps&google_domain=google.com&hl=en&place_id=ChIJ38FLPjWMX4YRbsudO2TALLg
Country Hill Inn & Suites,"2297 Del Rio Blvd, Eagle Pass, TX 78852",(830) 773-1811,https://countryhilleaglepass.com/,countryhill20@gmail.com,,4,210,https://serpapi.com/search.json?engine=google_maps&google_domain=google.com&hl=en&place_id=ChIJqU0RLpuOX4YRwtYsikBD-GQ
Del Rio Inn,"3811 Veterans Blvd, Del Rio, TX 78840",(830) 775-2600,https://www.facebook.com/profile.php?id=61553441424114,,,3.6,161,https://serpapi.com/search.json?engine=google_maps&google_domain=google.com&hl=en&place_id=ChIJJ1N91ZLr9YYRAeK6z_m8Rkk
Whispering Palms Inn,"1300 Veterans Blvd, Del Rio, TX 78840",(830) 488-6270,http://www.whisperingpalmsinn.com/,info@wpalmsinn.com,,4.4,311,https://serpapi.com/search.json?engine=google_maps&google_domain=google.com&hl=en&place_id=ChIJCff6InDr9YYR7BRWif1pgI4
Americas Best Value Inn Uvalde,"701 E Main St, Uvalde, TX 78801",(830) 278-5671,https://www.redlion.com/americas-best-value-inn/tx/uvalde/americas-best-value-inn-uvalde,sales@redlion.com,,2.6,0,https://serpapi.com/search.json?engine=google_maps&google_domain=google.com&hl=en&place_id=ChIJKXjECxv7XoYR84UcUMiQ3Mw
Live Oaks Bed & Breakfast Uvalde,"6 Tanglewood Dr, Uvalde, TX 78801",(830) 591-2340,http://www.liveoaksbb.com/,contact@liveoaksbb.com,,4.8,0,https://serpapi.com/search.json?engine=google_maps&google_domain=google.com&hl=en&place_id=ChIJT1tHc9_6XoYRmbKLrIy6FRI
Benson Guest House,"218 N Getty St, Uvalde, TX 78801",(830) 900-3279,http://www.bensonguesthouse.com/,"info@bensonguesthouse.com, urbndriver@gmail.com",,4.6,0,https://serpapi.com/search.json?engine=google_maps&google_domain=google.com&hl=en&place_id=ChIJ2aBCCo_7XoYR8BeetLNdMXs
Relax Inn,"1062 FM 117, Dilley, TX 78017",(830) 965-4447,http://relax-inn-dilley.com.es/,,,3.7,0,https://serpapi.com/search.json?engine=google_maps&google_domain=google.com&hl=en&place_id=ChIJyU51h9HhXYYRhoTAdgTv14Y
Executive Inn,"1041 TX-85, Dilley, TX 78017",(830) 965-1913,https://www.booking.com/hotel/us/dilley-executive-inn-dilley.html?aid=304142&label=gen173nr-1FCAEoggI46AdIM1gEaLACiAECmAExuAEHyAEN2AEB6AEB-AECiAIBqAIDuAKHhd-bBsACAdICJGVkNzRlNjgyLTMwYzItNGY1NC05ZGI0LTIwNzYzNTdlMGJiNtgCBeACAQ&sid=be8c50249ef0716b9cc59c85a1ee1484&all_sr_blocks=719569001_309324174_2_0_0;checkin=2022-11-18;checkout=2022-11-19;dest_id=20127614;dest_type=city;dist=0;group_adults=2;group_children=0;hapos=6;highlighted_blocks=719569001_309324174_2_0_0;hpos=6;matching_block_id=719569001_309324174_2_0_0;no_rooms=1;req_adults=2;req_children=0;room1=A%2CA;sb_price_type=total;sr_order=popularity;sr_pri_blocks=719569001_309324174_2_0_0__5500;srepoch=1668792979;srpvid=84627bc63bb60032;type=total;ucfs=1&,,,3.8,0,https://serpapi.com/search.json?engine=google_maps&google_domain=google.com&hl=en&place_id=ChIJc5xWdsHhXYYRwKXNmQZyXbg
The Cowboy Motel,"214 Nueces St, Camp Wood, TX 78833",(830) 333-6074,https://www.thecowboymotel.com/,"info@mysite.com, info@thecowboymotel.com",,4.6,0,https://serpapi.com/search.json?engine=google_maps&google_domain=google.com&hl=en&place_id=ChIJAVBa3lIvX4YRNXlNWGXv2H0
Carrizo Executive Inn,"1402 Pena St, Carrizo Springs, TX 78834",(830) 876-2451,https://www.cityofcarrizo.org/community/page/carrizo-executive-inn,"mruiz@cityofcarrizo.org, mguerra@cityofcarrizo.org",,4,55,https://serpapi.com/search.json?engine=google_maps&google_domain=google.com&hl=en&place_id=ChIJOzgspvIyXoYRrmNlHbjSL5I
Riata Inn,"1531 US-83, Crystal City, TX 78839",(830) 374-5665,http://www.riatainncrystalcity.com/,riatainncrystalcity@gmail.com,,3.6,62,https://serpapi.com/search.json?engine=google_maps&google_domain=google.com&hl=en&place_id=ChIJN_uDzHRKXoYR52Gw_NNIKQo
Oasis Lodge,"121 FM1556, Carrizo Springs, TX 78834",(830) 322-8500,https://www.oasislodgehotels.com/carrizo-springs,"imak.logistics@gmail.com, info@mysite.com",,4,40,https://serpapi.com/search.json?engine=google_maps&google_domain=google.com&hl=en&place_id=ChIJfxcEjmkyXoYRXV_-KpcUqCg
El Dorado Ranch Resort & Crew Lodging,"5850 FM191, Crystal City, TX 78839",(830) 694-2993,https://eldoradoranchresort.com/,info@eldoradoranchresort.com,,4.2,53,https://serpapi.com/search.json?engine=google_maps&google_domain=google.com&hl=en&place_id=ChIJfX6PLaw1XoYRsjkltwSrl3M
The Armadillo Hotel Carrizo Springs,"1813 FM1556, Carrizo Springs, TX 78834",(830) 267-8286,https://www.armadillohotel.com/,,,3.3,16,https://serpapi.com/search.json?engine=google_maps&google_domain=google.com&hl=en&place_id=ChIJzzKBNKEtXoYRuGuwaybXgko
LaVillita Apartments with Hotel Stays,"108 Petry Pl, Carrizo Springs, TX 78834",(512) 792-2393,https://www.facebook.com/lavillitacarrizosprings/,,,4.5,28,https://serpapi.com/search.json?engine=google_maps&google_domain=google.com&hl=en&place_id=ChIJgccdvlIyXoYRlt-6JYwOvb8
AOP Village Concept/Double C Resort,"5241 FM1407, Crystal City, TX 78839",(830) 374-9975,https://www.doublecvillage.com/,reservations@doublecvillage.com,,4.1,57,https://serpapi.com/search.json?engine=google_maps&google_domain=google.com&hl=en&place_id=ChIJS0V1Woo1XoYRPCERgGG3FMA
SB-RV Park,"205 Fig Ave, Carrizo Springs, TX 78834",(830) 219-9218,http://www.sbrvpark.net/,,,4.8,81,https://serpapi.com/search.json?engine=google_maps&google_domain=google.com&hl=en&place_id=ChIJf0kODYUyXoYR5GPL-y1yIc8
Legends RV Park,"1682 Midway Park Rd, Carrizo Springs, TX 78834",(830) 854-1225,http://www.legendsrv.com/,info@legendsrv.com,,4.3,24,https://serpapi.com/search.json?engine=google_maps&google_domain=google.com&hl=en&place_id=ChIJKZv85Ko2XoYRQVi5RPbsR8I
Sagebrush hotel,"4964 US-83, Crystal City, TX 78839",(830) 374-5600,https://www.sagebrushotel.com/,"mendi.thompson@sagebrushhotel.com, manager@sagebrushhotel.com",,4.3,127,https://serpapi.com/search.json?engine=google_maps&google_domain=google.com&hl=en&place_id=ChIJa8A5lUtKXoYR54FoIjIWBRc
Crystal Suites,"201 TX-146 N, Texas City, TX 77590",(409) 945-0999,https://www.crystalsuitestexascity.com/,,,3.3,296,https://serpapi.com/search.json?engine=google_maps&google_domain=google.com&hl=en&place_id=ChIJfwFsahd5P4YROhUbJKztvXs
Residency Suites Cotulla Texas,"287 FM468, Cotulla, TX 78014",(830) 483-5330,http://www.residencysuitescotullatx.com/,reservations@residencysuitescotulla.com,,3.8,176,https://serpapi.com/search.json?engine=google_maps&google_domain=google.com&hl=en&place_id=ChIJbVgYezUBXoYRnnkA0nDbH4A
Cotulla Executive Inn,"900 I-35, Cotulla, TX 78014",(830) 879-2488,https://www.cotullaexecutiveinn.us/,,,4,205,https://serpapi.com/search.json?engine=google_maps&google_domain=google.com&hl=en&place_id=ChIJC9cNnN3hXYYRcusAsGfqzwM
Malana Hotels and Suites,"165 Mars Dr, Cotulla, TX 78014",(830) 879-4400,http://www.malanahotels.com/,manager@malanahotels.com,,4.3,112,https://serpapi.com/search.json?engine=google_maps&google_domain=google.com&hl=en&place_id=ChIJ3bWNbykBXoYRKJbDwUQfkgM
Hotel Cotulla,"51 I-35 Frontage Rd, Cotulla, TX 78014",(830) 879-5268,http://hotelcotulla.com/,hotelcotulla51@gmail.com,,3.9,62,https://serpapi.com/search.json?engine=google_maps&google_domain=google.com&hl=en&place_id=ChIJT0TxDhIBXoYRdq4Pm6Jri8A
PetroStay Inn & Suites Cotulla,"222 I-35, Cotulla, TX 78014",(830) 879-5700,https://www.petrostayinn.com/,ceo@petrostayinn.com,,4.2,33,https://serpapi.com/search.json?engine=google_maps&google_domain=google.com&hl=en&place_id=ChIJS-VRCRIBXoYRQ_c1-lDnpYE
Cotulla Homes,"632 N Baylor Ave, Cotulla, TX 78014",(830) 483-5073,http://www.cotullahomes.com/,cotullapark@gmail.com,,4.2,42,https://serpapi.com/search.json?engine=google_maps&google_domain=google.com&hl=en&place_id=ChIJu3oywCEBXoYRtaPYHVMVO-4
Cotulla Village,"401 Lone Star, Cotulla, TX 78014",(210) 446-6816,http://cotullavillage.com/,,,4.2,5,https://serpapi.com/search.json?engine=google_maps&google_domain=google.com&hl=en&place_id=ChIJN-3RujQBXoYRQQRsNQeC_ms
Pearsall Inn & suites,"1707 W Comal St, Pearsall, TX 78061",(830) 334-2622,http://www.pearsallinnandsuites.us/,,,3.7,101,https://serpapi.com/search.json?engine=google_maps&google_domain=google.com&hl=en&place_id=ChIJ14ZjvI3ZXYYRjEHxJlthD-s
Pearsall Executive Inn,"613 N Oak St, Pearsall, TX 78061",(830) 334-3693,http://www.executiveinnpearsall.com/,,,4.5,49,https://serpapi.com/search.json?engine=google_maps&google_domain=google.com&hl=en&place_id=ChIJCTrXriPaXYYR0QFas2UMlEE
Hotel O Bien Venido Pearsall I-35,"112 I-35, Pearsall, TX 78061",(347) 752-4737,https://www.oyorooms.com/us/302613/?utm_source=GMB&utm_medium=Organic&utm_campaign=US_PER004,,,4.2,52,https://serpapi.com/search.json?engine=google_maps&google_domain=google.com&hl=en&place_id=ChIJEZ9qMyTaXYYRP6wEqcsunyA
Royal Inn Pearsall,"1903 FM140, Pearsall, TX 78061",(830) 334-8901,https://royalinnpearsall.guestreservations.com/royal-inn-pearsall/booking?msclkid=3ed625eb55d2101fba9242cd2ed09cc7&ctTriggered=true,,,4.4,99,https://serpapi.com/search.json?engine=google_maps&google_domain=google.com&hl=en&place_id=ChIJ14ZjvI3ZXYYRY5JnSsU5ngk
Sona Inn,"16222 S Interstate Hwy 35, Dilley, TX 78017",(830) 965-1100,https://www.sonainndilley.com/,,was very nice,4.4,114,https://serpapi.com/search.json?engine=google_maps&google_domain=google.com&hl=en&place_id=ChIJAz4CTtXfXYYRlUE1ggapDU0
Hotel Dilley Grand,"110 S Main St, Dilley, TX 78017",(830) 271-2377,https://www.hoteldilley.com/,hoteldilley@gmail.com,,4.4,53,https://serpapi.com/search.json?engine=google_maps&google_domain=google.com&hl=en&place_id=ChIJy4cBh9HhXYYR__jKtO18wls
Lonestar Landing Rv Park,"12475 I-35, Moore, TX 78057",(210) 300-3447,https://www.lonestarlandingrvparkandstorage.com/,,,4.4,15,https://serpapi.com/search.json?engine=google_maps&google_domain=google.com&hl=en&place_id=ChIJq-ig_e_TXYYRuxxFdDmWy_U
