Name,Address,Phone,Website,Email(s),Owner/Manager,Rating,Reviews,Google Maps URL
810 Entertainment - Houston,"1201 San Jacinto St Suite 321, Houston, TX 77002",(713) 337-2950,https://www.810bowling.com/,,,4.6,1587,https://serpapi.com/search.json?engine=google_maps&google_domain=google.com&hl=en&place_id=ChIJz5Yxb3G_QIYRi_XKDSC7a_0
Lucky Strike Houston,"925 Bunker Hill Rd, Houston, TX 77024",(713) 461-1207,https://www.luckystrikeent.com/location/lucky-strike-houston?utm_source=gbp&utm_medium=organic&utm_campaign=yext_listings,guestservice@lsent.com,,4.2,3797,https://serpapi.com/search.json?engine=google_maps&google_domain=google.com&hl=en&place_id=ChIJm-BiSZDEQIYRbB-_8ILt3ss
Del Mar Lanes,"3020 Mangum Rd, Houston, TX 77092",(713) 682-2506,http://www.delmarlanes.com/,,,4.4,1445,https://serpapi.com/search.json?engine=google_maps&google_domain=google.com&hl=en&place_id=ChIJHTfzJGDGQIYRXNibnj2-Sr8
Palace Social,"4191 Bellaire Blvd Suite 150, Houston, TX 77025",(713) 913-4955,https://palacesocial.com/,,,4.2,415,https://serpapi.com/search.json?engine=google_maps&google_domain=google.com&hl=en&place_id=ChIJL6IM9cTBQIYRi4vFtYUSuV4
Emerald Bowl,"9307 Boone Rd, Houston, TX 77099",(281) 933-6180,http://emerald-bowl.com/,,,4.4,1959,https://serpapi.com/search.json?engine=google_maps&google_domain=google.com&hl=en&place_id=ChIJjfokklndQIYRPCMlFWolABc
Bowl & Barrel,"797 Sorella Ct Ste 118, Houston, TX 77024",(832) 690-4480,https://www.bowlandbarrel.com/,,,4.3,1087,https://serpapi.com/search.json?engine=google_maps&google_domain=google.com&hl=en&place_id=ChIJ95SQLE3bQIYROtoD1Ykt8pY
Bowlero Stafford,"4919 S Main St, Stafford, TX 77477",(281) 491-2856,https://www.bowlero.com/location/bowlero-stafford/?utm_source=gbp&utm_medium=organic&utm_campaign=yext_listings,guestservice@lsent.com,,4.1,2336,https://serpapi.com/search.json?engine=google_maps&google_domain=google.com&hl=en&place_id=ChIJ3fbperPnQIYRmpnArZicxjw
Cidercade Houston,"2320 Canal St suite 100, Houston, TX 77003",(346) 241-7524,https://www.cidercade.com/houston/,,,4.5,5654,https://serpapi.com/search.json?engine=google_maps&google_domain=google.com&hl=en&place_id=ChIJ39G-vhC_QIYRd0jotEi5Xmo
Times Square Entertainment,"402 W Grand Pkwy S #110, Katy, TX 77494",(281) 395-8555,http://www.timessquaretx.com/,events@timessquaretx.com,,4.3,1856,https://serpapi.com/search.json?engine=google_maps&google_domain=google.com&hl=en&place_id=ChIJkR4Bld0mQYYRcQILIxUAHA8
AMF Windfern Lanes,"14441 Northwest Fwy, Houston, TX 77040",(713) 466-8012,https://www.amf.com/location/amf-windfern-lanes/?utm_source=gbp&utm_medium=organic&utm_campaign=yext_listings,guestservice@lsent.com,,4.2,1097,https://serpapi.com/search.json?engine=google_maps&google_domain=google.com&hl=en&place_id=ChIJEXVaV4nPQIYReO4--oQpHO8
Copperfield Bowl,"15615 Glen Chase Dr, Houston, TX 77095",(281) 550-8710,http://www.copperfieldbowl.com/,copperfieldbowl@gmail.com,,4.3,1068,https://serpapi.com/search.json?engine=google_maps&google_domain=google.com&hl=en&place_id=ChIJjUakh8vQQIYRga7-3TAWTY0
Main Event Stafford,"12626 Fountain Lake Cir, Stafford, TX 77477",(281) 313-7200,http://www.mainevent.com/locations/texas/stafford,media@mainevent.com,,4.4,7072,https://serpapi.com/search.json?engine=google_maps&google_domain=google.com&hl=en&place_id=ChIJe5VHxLnnQIYRpnMMUxPwfYU
Palace Bowling Lanes,"4191 Bellaire Blvd, Houston, TX 77025",,https://palacesocial.com/,,,3.6,79,https://serpapi.com/search.json?engine=google_maps&google_domain=google.com&hl=en&place_id=ChIJwd9_NrfBQIYRICedppqRozI
Launch Family Entertainment West Houston,"13331 Westheimer Rd Suite #100, Houston, TX 77077",(281) 901-1200,https://launchfamilyentertainment.com/westhouston/,"westhouston@launchfamilyentertainment.com, info@launchtrampolinepark.com",,4.9,187,https://serpapi.com/search.json?engine=google_maps&google_domain=google.com&hl=en&place_id=ChIJCWMn_BHdQIYR4XFqlacxA4I
Bowlero Willowbrook,"19102 Tomball Pkwy, Houston, TX 77070",(281) 955-5900,https://www.bowlero.com/location/bowlero-willowbrook/?utm_source=gbp&utm_medium=organic&utm_campaign=yext_listings,guestservice@lsent.com,,4.1,1649,https://serpapi.com/search.json?engine=google_maps&google_domain=google.com&hl=en&place_id=ChIJJQh3UvXNQIYR-GWeYzw1Y6M
University of Houston Games Rooms,"4455 University Dr, Houston, TX 77204",(832) 842-6202,http://uh.edu/games,"jscott3@central.uh.edu, scgames@central.uh.edu, gmreserv@central.uh.edu, kcarter6@central.uh.edu",,4.7,233,https://serpapi.com/search.json?engine=google_maps&google_domain=google.com&hl=en&place_id=ChIJK02yc1q-QIYRIcG8qr2Es38
Armadilla Lanes II,"10055 Fuqua St #32, Houston, TX 77089",(713) 944-7100,https://armadillabowl.com/bowling/,,,4.3,645,https://serpapi.com/search.json?engine=google_maps&google_domain=google.com&hl=en&place_id=ChIJ_Uc6ilyXQIYRfAhfcMAxNK8
Max Bowl - Humble,"2390 Wilson Rd, Humble, TX 77396",(281) 540-2800,https://tripleshift.com/humble,,,4.5,4370,https://serpapi.com/search.json?engine=google_maps&google_domain=google.com&hl=en&place_id=ChIJzd0lXCKyQIYRvLZi3Z-KNeI
Unicorn Disco,"2416 Brazos St Suite B, Houston, TX 77006",(832) 509-4050,http://www.unicorndisco.com/,blake@bearhughospitality.com,,3.8,206,https://serpapi.com/search.json?engine=google_maps&google_domain=google.com&hl=en&place_id=ChIJZ9lWPjG_QIYROCLOZS_52N4
Dave & Buster's Houston - Katy Fwy,"7620 Katy Fwy Ste 100, Houston, TX 77024",(713) 263-0303,https://www.daveandbusters.com/us/en/about/locations/houston-katy-fwy,,"Service Support 
 Wait Staff 
 Winner",4.1,8058,https://serpapi.com/search.json?engine=google_maps&google_domain=google.com&hl=en&place_id=ChIJz5s0I7vGQIYRwIHnsGWM5F4
Armadilla Lanes,"3210 Preston Ave #32, Pasadena, TX 77505",(713) 941-2343,http://armadillabowl.com/,,,4.2,601,https://serpapi.com/search.json?engine=google_maps&google_domain=google.com&hl=en&place_id=ChIJPXWBFO2YQIYRNP0vz0_-ouE
Better Off Bowling,"1201 San Jacinto St, Houston, TX 77002",(866) 483-2695,http://www.betteroffbowling.com/,,,5,2,https://serpapi.com/search.json?engine=google_maps&google_domain=google.com&hl=en&place_id=ChIJy82p7zy_QIYRj0t5M3TWQeQ
Houston's First Baptist Church - Bowling Alley,"7401 Katy Fwy, Houston, TX 77024",(713) 957-6710,https://houstonsfirst.org/the-loop/ministries/fitness-recreation/parties,,,5,7,https://serpapi.com/search.json?engine=google_maps&google_domain=google.com&hl=en&place_id=ChIJM4vhk_LHQIYRhbeIxjYSHJk
Slick Willies,"1200 Westheimer Rd, Houston, TX 77006",(713) 522-2525,http://slickw.com/,webmaster@nogoco.com,,4.2,744,https://serpapi.com/search.json?engine=google_maps&google_domain=google.com&hl=en&place_id=ChIJxdC_22G_QIYRLWl5eNZgPRo
Lucky Strike San Antonio,"13307 San Pedro Ave, San Antonio, TX 78216",(210) 496-3811,https://www.luckystrikeent.com/location/lucky-strike-san-antonio?utm_source=gbp&utm_medium=organic&utm_campaign=yext_listings,guestservice@lsent.com,,4.3,3415,https://serpapi.com/search.json?engine=google_maps&google_domain=google.com&hl=en&place_id=ChIJ-3ZVIICKXIYRmyclU_HgCY8
Oak Hills Bowling Center,"7330 Callaghan Rd, San Antonio, TX 78229",(210) 560-2695,https://www.oakhillsbowling.com/,,,4.1,1351,https://serpapi.com/search.json?engine=google_maps&google_domain=google.com&hl=en&place_id=ChIJrYVSUwVeXIYREkA6p6N0vQ0
Main Event San Antonio North,"1911 N Loop 1604 E, San Antonio, TX 78232",(210) 305-5999,http://www.mainevent.com/locations/texas/san-antonio-north,media@mainevent.com,,4.4,5354,https://serpapi.com/search.json?engine=google_maps&google_domain=google.com&hl=en&place_id=ChIJf7_KMSCKXIYRfAOyFTijkis
Main Event San Antonio West,"8514 TX-151, San Antonio, TX 78245",(210) 521-8000,http://www.mainevent.com/locations/texas/san-antonio-west,media@mainevent.com,,4.2,5717,https://serpapi.com/search.json?engine=google_maps&google_domain=google.com&hl=en&place_id=ChIJDb6X0rVcXIYRKqGXRJEd7Lo
PINSTACK,"19238 I-10, San Antonio, TX 78257",(210) 267-9902,https://pinstackbowl.com/,,,3.9,294,https://serpapi.com/search.json?engine=google_maps&google_domain=google.com&hl=en&place_id=ChIJlfC9pbhlXIYR6TQrKv6vS7c
Astro SuperBowl,"3203 Harry Wurzbach Rd, San Antonio, TX 78209",(210) 824-6348,http://astrosuperbowl.com/,,,4.4,1344,https://serpapi.com/search.json?engine=google_maps&google_domain=google.com&hl=en&place_id=ChIJgQRDJeH0XIYRDgEIYuNFdqA
Round1 Bowling & Arcade North Star Mall,"7400 San Pedro Ave, San Antonio, TX 78216",(210) 448-2030,https://www.round1usa.com/,,,4.1,1134,https://serpapi.com/search.json?engine=google_maps&google_domain=google.com&hl=en&place_id=ChIJM60ui_5hXIYR46FU4VbjE10
Bowlero Highland Hills,"2118 Goliad Rd, San Antonio, TX 78223",(210) 333-6150,http://www.bowlero.com/location/bowlero-highland-hills?utm_source=gbp&utm_medium=organic&utm_campaign=yext_listings,guestservice@lsent.com,,4.3,1717,https://serpapi.com/search.json?engine=google_maps&google_domain=google.com&hl=en&place_id=ChIJqaUJEgr3XIYRwHtRAji6NPA
Bowlero Thousand Oaks,"4330 Thousand Oaks Dr, San Antonio, TX 78217",(210) 654-0031,https://www.bowlero.com/location/bowlero-thousand-oaks/?utm_source=gbp&utm_medium=organic&utm_campaign=yext_listings,guestservice@lsent.com,,4.1,1400,https://serpapi.com/search.json?engine=google_maps&google_domain=google.com&hl=en&place_id=ChIJvzEvzmiLXIYRsecsakgrzXg
Bandera Bowling Center,"6700 Huebner Rd, Leon Valley, TX 78238",(210) 523-1716,https://banderabowlingcenter.com/,,,4.1,1751,https://serpapi.com/search.json?engine=google_maps&google_domain=google.com&hl=en&place_id=ChIJSczUZHBdXIYRhBvcU9Ht8QQ
Andretti Indoor Karting & Games San Antonio,"5527 N Loop 1604 W, San Antonio, TX 78249",(210) 469-0700,https://andrettikarting.com/sanantonio/,,,4.3,4443,https://serpapi.com/search.json?engine=google_maps&google_domain=google.com&hl=en&place_id=ChIJ04MIGY5nXIYRyLaxp5k2AUw
Bexar Bowling Society,"15681 Bexar Bowling, Marion, TX 78124",(830) 420-2512,http://www.bexarbowlingsociety.org/,,,4.6,61,https://serpapi.com/search.json?engine=google_maps&google_domain=google.com&hl=en&place_id=ChIJexO7bVHqXIYROips2i54fvE
Skylark Bowling Center,"1610 Luke Blvd #6476, Lackland Air Force Base, TX 78236",(210) 671-1234,https://playbowlingnearme.com/skylark/,,,4.4,855,https://serpapi.com/search.json?engine=google_maps&google_domain=google.com&hl=en&place_id=ChIJletIYw1bXIYRwzF44DsiUw0
Turner Club,"5555 Duffek Dr, Kirby, TX 78219",(210) 227-4412,https://www.turnerclubbowling.org/,,,4.4,171,https://serpapi.com/search.json?engine=google_maps&google_domain=google.com&hl=en&place_id=ChIJ0auuQvj1XIYRAQGfCcRL6Zg
Rush Maxx,"6301 Northwest Loop 410 Suite 200, San Antonio, TX 78238",(210) 961-9917,http://rushfunpark.com/,da@rushfunpark.com,,4.3,194,https://serpapi.com/search.json?engine=google_maps&google_domain=google.com&hl=en&place_id=ChIJ20r7Qa5dXIYRcpWIrR-3IoU
Fort Sam Houston Bowling Center,"2521 Schofield Rd, Fort Sam Houston, TX 78234",(210) 221-4740,https://jbsatoday.com/FSH-Bowling-Center,,,4.4,307,https://serpapi.com/search.json?engine=google_maps&google_domain=google.com&hl=en&place_id=ChIJ17XDeMf1XIYRItOpxIGKu9o
Hill Country Lanes,"23129 I 35 N Frontage Rd, New Braunfels, TX 78132",(830) 626-0830,http://hillcountrylanes.com/,,,3.8,212,https://serpapi.com/search.json?engine=google_maps&google_domain=google.com&hl=en&place_id=ChIJoZoIslORXIYREr9-dCgzTqQ
EVO Lanes,"18658 I 35 N Frontage Rd, Schertz, TX 78108",(210) 764-6986,https://evo-entertainment.com/page/10992/Lanes-_-Schertz-(EVO),,,4.4,480,https://serpapi.com/search.json?engine=google_maps&google_domain=google.com&hl=en&place_id=ChIJwSFWbo6TXIYRhk2EkVHv1ac
Bowlounge,"167 Turtle Creek Blvd #103, Dallas, TX 75207",(214) 741-7737,https://bowlounge.com/home/,,,4.4,2290,https://serpapi.com/search.json?engine=google_maps&google_domain=google.com&hl=en&place_id=ChIJ72DQ81CZToYR9vLRCMH6y2o
Bowl and Barrel,"The Shops at, 8084 Park Ln Ste 145, Dallas, TX 75231",(214) 363-2695,https://www.bowlandbarrel.com/,,,4.2,1384,https://serpapi.com/search.json?engine=google_maps&google_domain=google.com&hl=en&place_id=ChIJY5f4T5SfToYROmWY-gXiA68
Bowlero Dallas,"3805 Belt Line Rd, Addison, TX 75001",(972) 620-7700,https://www.bowlero.com/location/bowlero-dallas?utm_source=gbp&utm_medium=organic&utm_campaign=yext_listings,guestservice@lsent.com,,4.2,1936,https://serpapi.com/search.json?engine=google_maps&google_domain=google.com&hl=en&place_id=ChIJhWd0xcYmTIYRHBV6CoYXTPo
Bowlski's Lakewood Theater,"1825 Abrams Pkwy Suite C, Dallas, TX 75214",(214) 434-1113,http://bowlskisdallas.com/,"events@bowlskis.com, proshop@bowlskis.com",,3.9,349,https://serpapi.com/search.json?engine=google_maps&google_domain=google.com&hl=en&place_id=ChIJoYO134yfToYRxP6CqzDcb8c
Main Event Grand Prairie,"3106 State Hwy 161, Grand Prairie, TX 75052",(972) 641-2695,http://www.mainevent.com/locations/texas/grand-prairie,media@mainevent.com,,4.6,7676,https://serpapi.com/search.json?engine=google_maps&google_domain=google.com&hl=en&place_id=ChIJ45IjCKOJToYRrEopATwNwHY
PINSTACK,"2750 W Lyndon B Johnson Fwy, Irving, TX 75063",(214) 765-2695,http://www.pinstackbowl.com/,,,4.2,4745,https://serpapi.com/search.json?engine=google_maps&google_domain=google.com&hl=en&place_id=ChIJR5DJiJgpTIYRnMM0kBGZVtg
BowlGames,"139 Turtle Creek Blvd Suite 120, Dallas, TX 75207",(214) 764-5045,https://bowlgames.us/,events@bowlgames.us,,4.7,319,https://serpapi.com/search.json?engine=google_maps&google_domain=google.com&hl=en&place_id=ChIJ95Bak6OZToYRZ1LIISlTTLo
Punch Bowl Social,"2600 Main St, Dallas, TX 75226",(469) 607-6880,https://punchbowlsocial.com/location/dallas/,marketing@punchbowlsocial.com,,4.1,1551,https://serpapi.com/search.json?engine=google_maps&google_domain=google.com&hl=en&place_id=ChIJOzY-9KmZToYRqAGJ_cQo_V4
Bowlero Garland,"1950 Marketplace Dr, Garland, TX 75041",(972) 613-8100,https://www.bowlero.com/location/bowlero-garland?utm_source=gbp&utm_medium=organic&utm_campaign=yext_listings,guestservice@lsent.com,,4.2,2351,https://serpapi.com/search.json?engine=google_maps&google_domain=google.com&hl=en&place_id=ChIJ98f_ySinToYRZHbi181Kfa0
Strikz Entertainment,"8789 Lebanon Rd, Frisco, TX 75034",(972) 668-5263,https://strikz.com/,,,4.2,2017,https://serpapi.com/search.json?engine=google_maps&google_domain=google.com&hl=en&place_id=ChIJmZwWKFk8TIYR1RLDnIdck9w
AMF DeSoto Lanes,"121 Northgate Dr, DeSoto, TX 75115",(972) 780-8090,https://www.amf.com/location/amf-desoto-lanes/?utm_source=gbp&utm_medium=organic&utm_campaign=yext_listings,guestservice@lsent.com,,3.9,1244,https://serpapi.com/search.json?engine=google_maps&google_domain=google.com&hl=en&place_id=ChIJDTTWTGaRToYROsq3o3YVvKk
Rowlett Bowl-a-Rama,"5021 Lakeview Pkwy, Rowlett, TX 75088",(972) 475-7080,http://www.rowlettbowlarama.com/,,,4.2,1212,https://serpapi.com/search.json?engine=google_maps&google_domain=google.com&hl=en&place_id=ChIJvaT6zZ8CTIYRoCWLKhCoE5Q
Main Event Grapevine,"407 W State Hwy 114, Grapevine, TX 76051",(817) 416-1111,http://www.mainevent.com/locations/texas/grapevine,media@mainevent.com,,4.3,3536,https://serpapi.com/search.json?engine=google_maps&google_domain=google.com&hl=en&place_id=ChIJp2m70dkqTIYR_GThW_10PwA
Round1 Bowling & Arcade Arlington Parks,"3811 S Cooper St Suite 6004, Arlington, TX 76015",(817) 855-4941,http://round1usa.com/,,,3.7,663,https://serpapi.com/search.json?engine=google_maps&google_domain=google.com&hl=en&place_id=ChIJsTSAB79jToYRZVY16hhRTow
Red Bird Lanes,"1114 S Main St, Duncanville, TX 75137",(972) 298-7143,http://redbirdlanes.com/,bowlredbird@gmail.com,,4.2,830,https://serpapi.com/search.json?engine=google_maps&google_domain=google.com&hl=en&place_id=ChIJGabYNeiRToYRiBTlvk1sKbg
Forum Bowling Lanes,"2001 S Great SW Pkwy, Grand Prairie, TX 75051",(972) 641-4406,https://www.forumbowlinglanes.com/,,,4.3,1023,https://serpapi.com/search.json?engine=google_maps&google_domain=google.com&hl=en&place_id=ChIJa3wqztSGToYRMCBF8W0Cmo4
Scout Dallas,"1914 Commerce St, Dallas, TX 75201",(469) 320-8993,http://www.scoutdallas.com/,khunter@sunwestpr.com,,3.9,199,https://serpapi.com/search.json?engine=google_maps&google_domain=google.com&hl=en&place_id=ChIJ5c5YoB-ZToYRd2HUe81C8lE
Olan's Bowling Alley,"2628 Bowling Green Ave, Dallas, TX 75216",(214) 724-2213,https://www.afternic.com/forsale/bowlingalley.com?utm_source=TDFS_DASLNC&utm_medium=parkedpages&utm_campaign=x_corp_tdfs-daslnc_base&traffic_type=TDFS_DASLNC&traffic_id=daslnc&,,,1,1,https://serpapi.com/search.json?engine=google_maps&google_domain=google.com&hl=en&place_id=ChIJB5WLLACZToYRjTgojbsHhsY
Dave & Buster's Dallas,"9450 N Central Expy, Dallas, TX 75231",(214) 361-5553,https://www.daveandbusters.com/us/en/about/locations/dallas,,"Service Support 
 Wait Staff 
 Winner",4.3,8363,https://serpapi.com/search.json?engine=google_maps&google_domain=google.com&hl=en&place_id=ChIJUwo9A-mfToYR_no7OJdOeJQ
Shenaniganz Entertainment Center,"1290 I-30, Rockwall, TX 75087",(972) 722-1133,http://www.shenaniganz.com/,,,4.4,5387,https://serpapi.com/search.json?engine=google_maps&google_domain=google.com&hl=en&place_id=ChIJQV8lkoCqToYRyUASxSoW84o
Alley Cats Entertainment,"2008 W Pleasant Ridge Rd, Arlington, TX 76015",(817) 784-2695,http://www.alleycatsbowl.com/,"josh@alleycatsbowl.com, info@alleycatsbowl.com",,4.3,2805,https://serpapi.com/search.json?engine=google_maps&google_domain=google.com&hl=en&place_id=ChIJBVYGYSFjToYR11ZYQmxu8pg
Round1 Bowling & Arcade Grapevine Mills,"3000 Grapevine Mills Pkwy, Grapevine, TX 76051",(817) 873-7981,http://round1usa.com/,,,4.4,5212,https://serpapi.com/search.json?engine=google_maps&google_domain=google.com&hl=en&place_id=ChIJkdiQkoYrTIYRjRxFaP3zz6A
Plano Super Bowl,"2521 K Ave, Plano, TX 75074",(972) 881-0242,http://planosuperbowl.com/,,Scott has been in the bowling business for over,4.3,1827,https://serpapi.com/search.json?engine=google_maps&google_domain=google.com&hl=en&place_id=ChIJm4TfXQcZTIYRQXRNyqkDcWA
Lakes Lanes Bowling Alley,"5000 Main St, The Colony, TX 75056",(972) 624-5263,https://lakeslanes.com/,,,4.1,451,https://serpapi.com/search.json?engine=google_maps&google_domain=google.com&hl=en&place_id=ChIJIwIPVcQ6TIYRL4HWlmZDTgk
Bowlero Euless,"1901 W Airport Fwy, Euless, TX 76040",(817) 540-0303,https://www.bowlero.com/location/bowlero-euless/?utm_source=gbp&utm_medium=organic&utm_campaign=yext_listings,guestservice@lsent.com,,4.2,1871,https://serpapi.com/search.json?engine=google_maps&google_domain=google.com&hl=en&place_id=ChIJL94wEcp_ToYRNT0HRbGdd3Q
Sway x Bowlounge,"941 W Vickery Blvd, Fort Worth, TX 76104",(817) 887-8130,https://bowlounge.com/fw/,media@bowlounge.com,,4.7,1113,https://serpapi.com/search.json?engine=google_maps&google_domain=google.com&hl=en&place_id=ChIJn6iN8_BxToYRq5y99qb26DI
Cowtown Bowling Center,"4333 River Oaks Blvd, Fort Worth, TX 76114",(817) 624-2151,http://cowtownbowling.com/,,,4.3,2465,https://serpapi.com/search.json?engine=google_maps&google_domain=google.com&hl=en&place_id=ChIJcXE1FWV0ToYRHKXQFBJ4mLg
Cityview Lanes,"6601 Oakmont Blvd, Fort Worth, TX 76132",(817) 346-0444,https://cityviewlanesfw.com/,,,4.1,913,https://serpapi.com/search.json?engine=google_maps&google_domain=google.com&hl=en&place_id=ChIJNzz59mttToYR-K4gkZuAVxU
Main Event Fort Worth South,"4801 Citylake Blvd E, Fort Worth, TX 76132",(817) 292-5555,http://www.mainevent.com/locations/texas/fort-worth,media@mainevent.com,,4.3,4897,https://serpapi.com/search.json?engine=google_maps&google_domain=google.com&hl=en&place_id=ChIJ-RPPDGJtToYRQjPnbfPpOA4
Main Event Fort Worth North,"2601 Presidio Vista Dr, Fort Worth, TX 76177",(817) 306-0000,http://www.mainevent.com/,media@mainevent.com,,4.2,4237,https://serpapi.com/search.json?engine=google_maps&google_domain=google.com&hl=en&place_id=ChIJG81Vc-PYTYYRUpMbnpcXMO4
Bowlero Watauga,"7301 Rufe Snow Dr, Watauga, TX 76148",(817) 485-2695,https://www.bowlero.com/location/bowlero-watauga/?utm_source=gbp&utm_medium=organic&utm_campaign=yext_listings,guestservice@lsent.com,,4.1,1514,https://serpapi.com/search.json?engine=google_maps&google_domain=google.com&hl=en&place_id=ChIJ1bIMfNzXTYYRW5KLxVRVnsw
Ten Bowling Center,"1815 Military Pkwy, Fort Worth, TX 76127",(817) 782-6122,http://www.navymwrfortworth.com/,,,4.3,146,https://serpapi.com/search.json?engine=google_maps&google_domain=google.com&hl=en&place_id=ChIJtwEPdV9zToYRAJLz6PVCZt0
Alley Cats Entertainment Burleson,"1258 SW Alsbury Blvd, Burleson, TX 76028",(817) 415-2674,https://www.alleycatsbowl.com/,"josh@alleycatsbowl.com, info@alleycatsbowl.com",,4.6,504,https://serpapi.com/search.json?engine=google_maps&google_domain=google.com&hl=en&place_id=ChIJ8ZNGDzZrToYRYDLhQyLjfJc
AMF Spare Time Lanes,"3149 S Cooper St, Arlington, TX 76015",(817) 465-4997,https://www.amf.com/location/amf-spare-time-lanes/?utm_source=gbp&utm_medium=organic&utm_campaign=yext_listings,guestservice@lsent.com,,4.1,1407,https://serpapi.com/search.json?engine=google_maps&google_domain=google.com&hl=en&place_id=ChIJ4bM8h81iToYR6fXns4krhrE
Cidercade Fort Worth,"1813 W Bowie St Suite 101, Fort Worth, TX 76110",(682) 231-8381,https://www.cidercade.com/fortworth/,,,4.6,2148,https://serpapi.com/search.json?engine=google_maps&google_domain=google.com&hl=en&place_id=ChIJQcgkr-txToYR34jhbHjbEpk
Topgolf Fort Worth,"2201 E 4th St, Fort Worth, TX 76102",(817) 349-4002,https://topgolf.com/us/fort-worth/,,,4.4,3309,https://serpapi.com/search.json?engine=google_maps&google_domain=google.com&hl=en&place_id=ChIJuU-DwyVxToYR7Rxan5d0BBk
Alley Cats Entertainment and Putt-Putt Golf Center,"609 NE Loop 820, Hurst, TX 76053",(817) 589-0523,http://www.alleycatsbowl.com/,"josh@alleycatsbowl.com, info@alleycatsbowl.com",,4.2,3526,https://serpapi.com/search.json?engine=google_maps&google_domain=google.com&hl=en&place_id=ChIJj9mI0Rt5ToYRdYpQ4kO72KQ
Westgate Lanes,"2701 W William Cannon Dr, Austin, TX 78745",(512) 441-2695,https://westgatelanes.net/,,,4.5,1591,https://serpapi.com/search.json?engine=google_maps&google_domain=google.com&hl=en&place_id=ChIJTccvPmNLW4YROoWzo_f7ZZc
Highland Lanes,"8909 Burnet Rd, Austin, TX 78757",(512) 458-1215,http://highlandlanes.com/,,,4.3,1465,https://serpapi.com/search.json?engine=google_maps&google_domain=google.com&hl=en&place_id=ChIJOdsJjZbLRIYRLk7uTleM4zA
Main Event Austin,"13301 N Hwy 183, Austin, TX 78750",(512) 401-0000,http://www.mainevent.com/locations/texas/austin,media@mainevent.com,,4.1,5919,https://serpapi.com/search.json?engine=google_maps&google_domain=google.com&hl=en&place_id=ChIJnefbVy3NRIYRXi9HAdhViE0
Austin’s,"16231 N Interstate Hwy 35, Pflugerville, TX 78660",(512) 670-9600,http://austinspark.com/,,,4.1,5887,https://serpapi.com/search.json?engine=google_maps&google_domain=google.com&hl=en&place_id=ChIJc2CA8EfORIYRKyViYLRknmc
PINSTACK,"500 W Canyon Ridge Dr, Austin, TX 78753",(512) 580-0555,https://pinstackbowl.com/,,,4.2,1039,https://serpapi.com/search.json?engine=google_maps&google_domain=google.com&hl=en&place_id=ChIJ1UZaniLPRIYRtahHG2pJruY
Texas Union Underground,"Texas, 2308 Whitis Ave, Austin, TX 78712",(512) 475-6670,http://utunions.org/underground,underground@utexas.edu,,4.3,269,https://serpapi.com/search.json?engine=google_maps&google_domain=google.com&hl=en&place_id=ChIJJUdC33e1RIYR2HCQHLwWBsA
Spare Time Texas Pflugerville,"1724 FM 685, Pflugerville, TX 78660",(512) 647-1700,https://sparetimetexas.com/,,,4.4,2515,https://serpapi.com/search.json?engine=google_maps&google_domain=google.com&hl=en&place_id=ChIJx390QnvFRIYR1-m_h-8SVq8
Bull and Bowl,"501 W 6th St #200, Austin, TX 78701",(512) 992-0707,http://www.bullandbowl.com/,howdy@bullandbowl.com,,4.5,439,https://serpapi.com/search.json?engine=google_maps&google_domain=google.com&hl=en&place_id=ChIJSaI-_7m1RIYRh6LIM6Sg8zs
Pins Mechanical Co.,"4323 S Congress Ave, Austin, TX 78745",(512) 518-1696,https://www.pinsbar.com/locations/austin,,RISE BRANDS,4.6,298,https://serpapi.com/search.json?engine=google_maps&google_domain=google.com&hl=en&place_id=ChIJOcaXKAC1RIYREem0X1Xedl4
High 5 Exchange,"2700 W Anderson Ln. UNIT 101, Austin, TX 78757",(512) 710-2695,https://www.high5exchange.com/,info@bowlhighfive.com,,4.1,494,https://serpapi.com/search.json?engine=google_maps&google_domain=google.com&hl=en&place_id=ChIJSY4Ftk3LRIYRX1wGNqZBGHo
Pins & Wheels At Playland,"8822 McCann Dr, Austin, TX 78757",(512) 452-1901,http://www.pinsandwheels.com/,"events@pinsandwheels.com, info@pinsandwheels.com",,4.5,2530,https://serpapi.com/search.json?engine=google_maps&google_domain=google.com&hl=en&place_id=ChIJK2yqQ5fLRIYRrI0H2eO_430
Main Event Bowling Alley,"Unnamed Road, Austin, TX 78729",(512) 401-0000,https://www.mainevent.com/experiences/bowling/,media@mainevent.com,,3.7,23,https://serpapi.com/search.json?engine=google_maps&google_domain=google.com&hl=en&place_id=ChIJXyCEBn7NRIYRYsOrBXxppBk
Millennium Youth Entertainment Complex,"1156 Hargrave St, Austin, TX 78702",(512) 472-6932,https://www.millenniumaustin.com/,,,4.3,455,https://serpapi.com/search.json?engine=google_maps&google_domain=google.com&hl=en&place_id=ChIJvVDmo8S1RIYRMR7NUwEGOeo
Punch Bowl Social,"11310 Domain Dr suite 100, Austin, TX 78758",(512) 368-9070,https://punchbowlsocial.com/location/austin-domain-texas/,marketing@punchbowlsocial.com,,4.1,3351,https://serpapi.com/search.json?engine=google_maps&google_domain=google.com&hl=en&place_id=ChIJi6NkRvPMRIYRbpSAqmUJOZA
Pinballz Lake Creek,"13729 Research Blvd, Austin, TX 78750",(512) 537-8737,https://pinballz.com/lake-creek,,,4.7,6198,https://serpapi.com/search.json?engine=google_maps&google_domain=google.com&hl=en&place_id=ChIJbQSzILQyW4YRKhwBdSuX6pY
Blazer Tag Adventure Center,"1701 W Ben White Blvd, Austin, TX 78704",(512) 462-0202,http://www.blazertag.com/,,,4.5,943,https://serpapi.com/search.json?engine=google_maps&google_domain=google.com&hl=en&place_id=ChIJbUIlZbW0RIYRZxZTSKyNWjk
Lucky Strike Georgetown,"1010 N Austin Ave, Georgetown, TX 78626",(512) 876-2085,https://www.luckystrikeent.com/location/lucky-strike-georgetown?utm_source=gbp&utm_medium=organic&utm_campaign=yext_listings,guestservice@lsent.com,,4.3,2127,https://serpapi.com/search.json?engine=google_maps&google_domain=google.com&hl=en&place_id=ChIJ6ZG4cD7WRIYRz6l0uTefXhA
Saengerrunde German Bowling Alley,"1607 San Jacinto Blvd, Austin, TX 78701",(512) 478-1411,http://www.saengerrunde.org/,,,4.3,6,https://serpapi.com/search.json?engine=google_maps&google_domain=google.com&hl=en&place_id=ChIJY_mhSp-1RIYRpC0oRQMAHl0
Oasis Lanes,"1660 N Zaragoza Rd, El Paso, TX 79936",(915) 855-1183,https://oasislanesep.com/,oasis.planning1660@gmail.com,,4,3125,https://serpapi.com/search.json?engine=google_maps&google_domain=google.com&hl=en&place_id=ChIJ95kGlIlD54YRxpkkIrxfqGQ
Bowl El Paso,"11144 Pellicano Dr, El Paso, TX 79935",(915) 593-7777,http://bowl-elpaso.com/,,,3.9,2176,https://serpapi.com/search.json?engine=google_maps&google_domain=google.com&hl=en&place_id=ChIJobaNlqFE54YRPUTd2gC5b8c
Monkey Rock,"750 Sunland Park Dr Unit 100C, El Paso, TX 79912",(915) 626-5220,https://monkeyrock.us/,,,4.2,906,https://serpapi.com/search.json?engine=google_maps&google_domain=google.com&hl=en&place_id=ChIJ-S-CtZr53YYRH4K2AzA-58I
Jumping World,"5850 Onix Dr, El Paso, TX 79912",(915) 910-6378,http://jwentertainment.com/,,,4.6,2065,https://serpapi.com/search.json?engine=google_maps&google_domain=google.com&hl=en&place_id=ChIJswg9pLf53YYRKKeEfO6P8BA
Desert Strike Lanes Bowling Center,"2949 Carter Rd, El Paso, TX 79903",(915) 568-6272,https://bliss.armymwr.com/programs/desert-strike-lanes-bowling-center,,,4.5,775,https://serpapi.com/search.json?engine=google_maps&google_domain=google.com&hl=en&place_id=ChIJu65s-2xa54YRX4qp4NUhdCo
Lucky Strike Woodlands,"27000 Interstate 45 N, Conroe, TX 77385",(281) 367-1277,https://www.luckystrikeent.com/location/lucky-strike-woodlands?utm_source=gbp&utm_medium=organic&utm_campaign=yext_listings,guestservice@lsent.com,,4.2,2552,https://serpapi.com/search.json?engine=google_maps&google_domain=google.com&hl=en&place_id=ChIJRfp5UJI2R4YRtqV4s36-Z-M
Main Event Shenandoah,"19441 I-45, Shenandoah, TX 77385",(281) 355-5511,http://www.mainevent.com/locations/texas/shenandoah,media@mainevent.com,,4.2,4611,https://serpapi.com/search.json?engine=google_maps&google_domain=google.com&hl=en&place_id=ChIJYz7sneU2R4YRsCUVdADX7ls
300 Bowl,"902 Wilson Rd, Conroe, TX 77301",(936) 756-8866,http://www.go300bowl.com/,,,3.7,631,https://serpapi.com/search.json?engine=google_maps&google_domain=google.com&hl=en&place_id=ChIJOwUaL7I-R4YR-AyVXzsE1do
Time to Spare Entertainment,"13027 TX-105, Conroe, TX 77306",(936) 445-2695,http://timetosparebowling.com/,,,4.4,1368,https://serpapi.com/search.json?engine=google_maps&google_domain=google.com&hl=en&place_id=ChIJd2rPRqtAR4YR9U8wi46wONQ
Galveston Go Karts And Fun Center,"9402 Seawall Blvd, Galveston, TX 77554",(409) 740-6878,http://www.galvestonfuncenter.com/,,,4,705,https://serpapi.com/search.json?engine=google_maps&google_domain=google.com&hl=en&place_id=ChIJc9FPB4-cP4YRFaiekjC-K00
Galveston Primetime,"8902 Seawall Blvd, Galveston, TX 77554",(409) 741-1700,https://www.galvestonprimetime.com/,,,4.3,1677,https://serpapi.com/search.json?engine=google_maps&google_domain=google.com&hl=en&place_id=ChIJN1CXLYicP4YR4fOMp8qgGD4
Bowlero Texas City,"2404 Palmer Hwy, Texas City, TX 77590",(409) 945-6881,https://www.bowlero.com/location/bowlero-texas-city?utm_source=gbp&utm_medium=organic&utm_campaign=yext_listings,guestservice@lsent.com,,4.3,515,https://serpapi.com/search.json?engine=google_maps&google_domain=google.com&hl=en&place_id=ChIJqyGKIaJ5P4YRf1EPSdwXqBU
Main Event Webster,"1125 Magnolia Ave, Webster, TX 77598",(281) 332-4500,http://www.mainevent.com/locations/texas/webster,media@mainevent.com,,4.5,7166,https://serpapi.com/search.json?engine=google_maps&google_domain=google.com&hl=en&place_id=ChIJRc4J1b6cQIYRTHc6OnCQMSc
LVL UP FUN,"10000 Emmett F Lowry Expy #3161, Texas City, TX 77591",(832) 225-8603,https://lvlupfun.com/,info@lvlupfun.com,,3.7,317,https://serpapi.com/search.json?engine=google_maps&google_domain=google.com&hl=en&place_id=ChIJDbU0flB_P4YRY-kXwGSdxvQ
Bowlero Webster,"318 W Bay Area Blvd, Webster, TX 77598",(281) 338-1272,https://www.bowlero.com/location/bowlero-webster/?utm_source=gbp&utm_medium=organic&utm_campaign=yext_listings,guestservice@lsent.com,,4.1,1636,https://serpapi.com/search.json?engine=google_maps&google_domain=google.com&hl=en&place_id=ChIJ58JXnYicQIYRRfkm2JUpKss
Alvin Bowling Company,"300 Motel Dr., Alvin, TX 77511",(281) 331-4487,https://www.alvinbowling.com/,,,3.9,323,https://serpapi.com/search.json?engine=google_maps&google_domain=google.com&hl=en&place_id=ChIJN4TI3kOPQIYR0PDVxt9PeN0
Lucky Lounge,"904 Seawall Blvd, Galveston, TX 77550",(409) 744-5333,http://www.lucky-lounge.com/,luckyloungebar904@gmail.com,,4.4,326,https://serpapi.com/search.json?engine=google_maps&google_domain=google.com&hl=en&place_id=ChIJ565-FmGcP4YRrpT1hxecDNA
Axecade,"2217 Strand St Second Floor 217, 2217 The Strand Suite 217, Galveston, TX 77550",(833) 293-2233,http://www.axecade.com/,,,4.7,0,https://serpapi.com/search.json?engine=google_maps&google_domain=google.com&hl=en&place_id=ChIJmZYDvzafP4YRXyrGsjoonH0
Magic Carpet Golf,"9030 Seawall Blvd, Galveston, TX 77554",(409) 740-2000,http://www.galveston.com/magiccarpetgolf,info@galveston.com,,4.6,0,https://serpapi.com/search.json?engine=google_maps&google_domain=google.com&hl=en&place_id=ChIJ21ifV4icP4YRLdXqJ6B67kE
McGuire-Dent Recreation Center,"2222 28th St, Galveston, TX 77550",(409) 797-3700,https://www.galvestontx.gov/169/Parks-Recreation,"bsanderson@galvestontx.gov, webmaster@cityofgalveston.org, acollins@galvestontx.gov, mpierce@galvestontx.gov, hr@galvestontx.gov, aaarcidiacono@galvestontx.gov, dthomas@galvestontx.gov","Email Anthony 
 More Information 
 
 
 
 
     
   
   
 
 
 
 
 
 Are we forgetting anything",4.6,0,https://serpapi.com/search.json?engine=google_maps&google_domain=google.com&hl=en&place_id=ChIJpwZVomGeP4YRuR_HD0T8eCI
Galveston Island Historic Pleasure Pier,"2501 Seawall Blvd, Galveston, TX 77550",(855) 789-7437,https://www.pleasurepier.com/,,,4.4,20810,https://serpapi.com/search.json?engine=google_maps&google_domain=google.com&hl=en&place_id=ChIJPdkEDmCeP4YRbbMJW29PWGE
Dave & Buster's Friendswood,"704 Baybrook Mall, Friendswood, TX 77546",(281) 709-0600,https://www.daveandbusters.com/us/en/about/locations/friendswood,,"Service Support 
 Wait Staff 
 Winner",4.3,4334,https://serpapi.com/search.json?engine=google_maps&google_domain=google.com&hl=en&place_id=ChIJxSz-c3qbQIYRu4OqdTy06co
Jumping World,"100 Gulf Fwy N, League City, TX 77573",(281) 724-0760,https://jwentertainment.com/location/league-city/,,,4.1,1294,https://serpapi.com/search.json?engine=google_maps&google_domain=google.com&hl=en&place_id=ChIJFVxJlTKDQIYRePPknaVd_I8
Axe Masters Texas,"400 Hobbs Rd Suite 108, League City, TX 77573",(281) 724-1123,http://www.axemasterstx.com/,info@axemasterstx.com,,5,2315,https://serpapi.com/search.json?engine=google_maps&google_domain=google.com&hl=en&place_id=ChIJjVCH9w6DQIYRniEnp5noYjE
City of League City Community Center,"400 S Kansas Ave, League City, TX 77573",(281) 554-1250,https://www.leaguecitytx.gov/4433/Community-Center,,,4.6,21,https://serpapi.com/search.json?engine=google_maps&google_domain=google.com&hl=en&place_id=ChIJIdZwd3OdQIYRJ-koIlhZQxw
The Ballpark at League City,"1150 Ballpark Wy, League City, TX 77573",(281) 316-3400,https://leaguecitytx.gov/ballpark,,the City of League City,4.1,747,https://serpapi.com/search.json?engine=google_maps&google_domain=google.com&hl=en&place_id=ChIJ9WJ_9hyDQIYRYlfMghzZS4E
Legends Billiards,"201 Gulf Fwy S, League City, TX 77573",(281) 332-7716,https://legendsbilliards.com/,,,4.4,415,https://serpapi.com/search.json?engine=google_maps&google_domain=google.com&hl=en&place_id=ChIJ62WBTTKDQIYRumZiyUApxBo
Main Event Katy,"24401 Katy Fwy, Katy, TX 77494",(281) 394-4800,http://www.mainevent.com/locations/texas/katy,media@mainevent.com,,4.3,5809,https://serpapi.com/search.json?engine=google_maps&google_domain=google.com&hl=en&place_id=ChIJxXz5vO4mQYYRgwUaEmX-HwY
Laserzone,"4125 Hwy 6, Sugar Land, TX 77478",(281) 277-2900,http://laserzoneusa.com/,pjwilhide@laserzoneusa.com,,4.4,453,https://serpapi.com/search.json?engine=google_maps&google_domain=google.com&hl=en&place_id=ChIJCU5uPnHmQIYR7zoiGhqoL8I
Tomball Bowl,"14435 Farm to Market 2920, Tomball, TX 77377",(281) 351-1831,http://tomballbowl.com/,,"ID 
 
 
 
 
 
 
 
 
 
 
 
 
 
 
 
 
 
 
 
 
 
 
 
 
 
 
 
 
 
 
 
 
 
 
 
 
 
 
 
 
 
 
 
 
 
 
 
 
",4.4,1184,https://serpapi.com/search.json?engine=google_maps&google_domain=google.com&hl=en&place_id=ChIJD9EFG3wsR4YRW1_M0Uc0LKw
Fountains on the Lake,"12520 Fountain Lake Cir, Stafford, TX 77477",,https://amzn.to/4gEgYyr,,,4.5,2452,https://serpapi.com/search.json?engine=google_maps&google_domain=google.com&hl=en&place_id=ChIJEcR2P7fnQIYRJYITUy3g2EM
Hot Bowl Mongolian Grill,"17440 W Grand Pkwy S, Sugar Land, TX 77479",(281) 239-2988,http://www.hotbowlgrill.com/,,,4.4,729,https://serpapi.com/search.json?engine=google_maps&google_domain=google.com&hl=en&place_id=ChIJIxi2wtLjQIYREFo7NbqQfeQ
Funplex,"13700 Beechnut St, Houston, TX 77083",(281) 530-7777,http://houstonfunplex.com/,,,3.7,4876,https://serpapi.com/search.json?engine=google_maps&google_domain=google.com&hl=en&place_id=ChIJJzjGMevdQIYRTcNvou1nPNs
Pearland Recreation Center & Natatorium,"4141 Bailey Rd, Pearland, TX 77584",(281) 412-8900,https://www.pearlandtx.gov/departments/parks-recreation,,,4.5,603,https://serpapi.com/search.json?engine=google_maps&google_domain=google.com&hl=en&place_id=ChIJh3Mtbr2RQIYRS9hEJkDXwOo
Bowl Theory,"Located inside Armadilla 2 Lanes, 10055 Fuqua St, Houston, TX 77089",(346) 406-4961,https://bowltheory.net/,,,5,43,https://serpapi.com/search.json?engine=google_maps&google_domain=google.com&hl=en&place_id=ChIJmXb2llaXQIYRHIIq5X6YI5w
Pearland Town Center,"11200 Broadway St, Pearland, TX 77584",(713) 340-0712,https://www.pearlandtowncenter.com/,,,4.4,4083,https://serpapi.com/search.json?engine=google_maps&google_domain=google.com&hl=en&place_id=ChIJWUq4qdLsQIYRmQ2wWGpS8GU
Emerald Bay Recreation Center,"11814 N Clear Lake Loop, Pearland, TX 77584",(713) 436-4563,http://www.shadowcreekranchhoa.com/emerald-bay-lap-pool/,"help@shadowcreekranchhoa.com, memberservices@shadowcreekranchhoa.comreplacement","Landscaping Tips 
 Educational Series",4.6,76,https://serpapi.com/search.json?engine=google_maps&google_domain=google.com&hl=en&place_id=ChIJ4SM-9LDsQIYRBosKWf3rRdo
Boiling Dragon,"11625 Broadway St Suite 135, Pearland, TX 77584",(832) 328-5123,https://www.facebook.com/boilingdragon,,,4.6,483,https://serpapi.com/search.json?engine=google_maps&google_domain=google.com&hl=en&place_id=ChIJG-ig6LLtQIYRllrNNUApc3o
Max Bowl - Baytown,"720 Ward Rd, Baytown, TX 77520",(281) 241-8578,https://tripleshift.com/baytown,,,4.6,2137,https://serpapi.com/search.json?engine=google_maps&google_domain=google.com&hl=en&place_id=ChIJG-dBZLVdP4YRvXiXQzwtf_0
Chuck E. Cheese,"3141 Silverlake Village Dr, Pearland, TX 77584",(713) 413-1100,https://www.chuckecheese.com/pearland-tx,,,4.1,1278,https://serpapi.com/search.json?engine=google_maps&google_domain=google.com&hl=en&place_id=ChIJO1br1DGTQIYRTG__RVGj25U
Main Event Humble,"20945 Spg Crk Xing, Humble, TX 77338",(281) 909-5000,http://www.mainevent.com/locations/texas/humble,media@mainevent.com,,4.6,8417,https://serpapi.com/search.json?engine=google_maps&google_domain=google.com&hl=en&place_id=ChIJuTpdReKyQIYRCxVS_hx6wI0
AMF,"19214 US-59, Humble, TX 77338",(281) 446-7184,https://www.amf.com/location/amf-humble-lanes/,guestservice@lsent.com,,3.6,353,https://serpapi.com/search.json?engine=google_maps&google_domain=google.com&hl=en&place_id=ChIJCePjj7KzQIYRApO2cqJISYw
Main Event Tomball,"24620 Tomball Pkwy, Tomball, TX 77375",(281) 698-5559,https://www.mainevent.com/tomball/,media@mainevent.com,,4.4,1330,https://serpapi.com/search.json?engine=google_maps&google_domain=google.com&hl=en&place_id=ChIJL9y8rSrTQIYRkThLlbMa5G0
Gary James Bowling Supplies,"Located inside Copperfield Bowl, 15615 Glen Chase Dr, Houston, TX 77095",(281) 855-8654,http://garyjamesbowlingsupplies.com/,gjbs2800bd@sbcglobal.net,,5,95,https://serpapi.com/search.json?engine=google_maps&google_domain=google.com&hl=en&place_id=ChIJjUakh8vQQIYR9d2XxVfUV3U
Round1 Bowling & Arcade Willowbrook Mall,"3000 Willowbrook Mall A, Houston, TX 77070",(832) 678-1291,https://www.round1usa.com/,,,3.3,109,https://serpapi.com/search.json?engine=google_maps&google_domain=google.com&hl=en&place_id=ChIJR6RIgOfNQIYRP3gQVhQLCDg
The Boardwalk at Towne Lake,"9955 Barker Cypress Rd, Cypress, TX 77433",(713) 690-0000,http://www.boardwalktl.com/,"aloera@caldwellcos.com, mcaldwell@caldwellcos.com, staylor@showbusinessonline.com, jhagaman@caldwellcos.com",,4.7,5694,https://serpapi.com/search.json?engine=google_maps&google_domain=google.com&hl=en&place_id=ChIJjwpVp4rWQIYRPpL0cH8AIJk
AMF Diamond Lanes,"267 N Forest Blvd, Houston, TX 77090",(281) 440-9166,https://www.amf.com/location/amf-diamond-lanes/?utm_source=gbp&utm_medium=organic&utm_campaign=yext_listings,guestservice@lsent.com,,4.3,1221,https://serpapi.com/search.json?engine=google_maps&google_domain=google.com&hl=en&place_id=ChIJ1ymmFvnKQIYR7H2WRIzPAyY
AR's Entertainment Hub Spring,"19746 I-45, Spring, TX 77373",(888) 999-9440,https://www.arsentertainmenthub-spring.com/,,,5,218,https://serpapi.com/search.json?engine=google_maps&google_domain=google.com&hl=en&place_id=ChIJk1C2ZwA1R4YRN5Q3EMnxToo
The Game Preserve,"473 Sawdust Rd, Spring, TX 77380",(281) 353-5189,https://gamepreservehouston.com/,filler@godaddy.com,Joe Crookham,4.6,953,https://serpapi.com/search.json?engine=google_maps&google_domain=google.com&hl=en&place_id=ChIJwVxX_ig0R4YRbr7qdO3QT2s
Bytes Arcade + Eatery,"4477 Riley Fuzzel Rd, Spring, TX 77386",(281) 907-0173,http://regmovies.com/static/en/us/theatre/bytes-arcade-benders-landing,,,4.1,112,https://serpapi.com/search.json?engine=google_maps&google_domain=google.com&hl=en&place_id=ChIJ1boCDNRLR4YRQc03me3lTY4
Dave & Buster's Shenandoah,"8915 Metropark Dr, Shenandoah, TX 77385",(936) 270-1255,https://www.daveandbusters.com/us/en/about/locations/shenandoah,,"Service Support 
 Wait Staff 
 Winner",4.4,2112,https://serpapi.com/search.json?engine=google_maps&google_domain=google.com&hl=en&place_id=ChIJuxs8s6U3R4YRkaVKsGELIDU
Topgolf Spring,"560 Spring Park Center Blvd, Spring, TX 77373",(832) 200-0106,https://topgolf.com/us/houston-north/,,,4.4,2734,https://serpapi.com/search.json?engine=google_maps&google_domain=google.com&hl=en&place_id=ChIJX8HkMC01R4YRr8fIeNf3sHY
Craig's Bowling Supply,"26434 Lexington Rd, Spring, TX 77373",(281) 323-4999,http://www.craigsbowlingsupply.com/,craigsbowlingsupply@yahoo.com,,5,190,https://serpapi.com/search.json?engine=google_maps&google_domain=google.com&hl=en&place_id=ChIJrbf-OBo1R4YR3PZG5UlcDEc
AMF Bowling,"N Fwy Service Rd, Houston, TX 77090",(713) 466-8012,https://www.amf.com/location/amf-windfern-lanes,guestservice@lsent.com,,3.6,8,https://serpapi.com/search.json?engine=google_maps&google_domain=google.com&hl=en&place_id=ChIJfQibSfjKQIYRo6IQEm4-0XA
Dave & Buster's Arlington,"425 Curtis Mathes Way, Arlington, TX 76018",(817) 525-2501,https://www.daveandbusters.com/us/en/about/locations/arlington,,"Service Support 
 Wait Staff 
 Winner",4.1,4138,https://serpapi.com/search.json?engine=google_maps&google_domain=google.com&hl=en&place_id=ChIJIY4sU7liToYR8WmC3BZ24w4
International Training & Research Center,"621 Six Flags Dr, Arlington, TX 76011",(800) 752-2671,https://bowl.com/bowlingitrc,,,4.9,42,https://serpapi.com/search.json?engine=google_maps&google_domain=google.com&hl=en&place_id=ChIJq3P8kgyHToYRe2OdmFf97g8
PINSTACK,"6205 Dallas Pkwy, Plano, TX 75024",(972) 781-2695,http://pinstackbowl.com/locations/plano-texas/,,,4.3,0,https://serpapi.com/search.json?engine=google_maps&google_domain=google.com&hl=en&place_id=ChIJQ-P4b1kjTIYR03sNxx1g8q4
Main Event Plano,"3941 Central Expy, Plano, TX 75023",(972) 881-8181,http://www.mainevent.com/locations/texas/plano,media@mainevent.com,,4.2,0,https://serpapi.com/search.json?engine=google_maps&google_domain=google.com&hl=en&place_id=ChIJP1RaabEZTIYRdFSbhHfESEE
Main Event Frisco,"9375 Dallas Pkwy, Frisco, TX 75034",(469) 362-7227,http://www.mainevent.com/locations/texas/frisco/,media@mainevent.com,,4.1,3159,https://serpapi.com/search.json?engine=google_maps&google_domain=google.com&hl=en&place_id=ChIJ6eMecPs7TIYReRt8WGalquw
Fowling Warehouse DFW,"1714 14th St, Plano, TX 75074",(972) 850-3695,http://fowlingwarehousedfw.com/,,,4.5,350,https://serpapi.com/search.json?engine=google_maps&google_domain=google.com&hl=en&place_id=ChIJj4Mu9n4ZTIYR9uQyXSwtJtI
JB's Allen Bowl,"1011 S Greenville Ave, Allen, TX 75002",(972) 727-9108,http://jbsallenbowl.com/,,,4.4,787,https://serpapi.com/search.json?engine=google_maps&google_domain=google.com&hl=en&place_id=ChIJ1fcLIFgXTIYRtKPG-bW4FeI
AMF Richardson Lanes,"2101 N Central Expy, Richardson, TX 75080",(972) 231-2695,https://www.amf.com/location/amf-richardson-lanes/?utm_source=gbp&utm_medium=organic&utm_campaign=yext_listings,guestservice@lsent.com,,4,1410,https://serpapi.com/search.json?engine=google_maps&google_domain=google.com&hl=en&place_id=ChIJ_Ure6i8fTIYR59OzQPsGUgM
PINSTACK,"635 N Central Expy, Allen, TX 75013",(972) 869-2695,http://www.pinstackbowl.com/,,,4.3,0,https://serpapi.com/search.json?engine=google_maps&google_domain=google.com&hl=en&place_id=ChIJL6-_SFwXTIYR5E-8EtBtezE
"Arcade 92 Retro Arcade, Bar and Restaurant","305 E Virginia St Suite 103, McKinney, TX 75069",(848) 305-9292,http://arcade92.com/,,,4.7,1221,https://serpapi.com/search.json?engine=google_maps&google_domain=google.com&hl=en&place_id=ChIJSQEiiPgTTIYR3mwDmjWthjM
The Horse's Axe - McKinney,"212 E Louisiana St, McKinney, TX 75069",(469) 305-2830,https://www.horsesaxe.com/mckinney,,,5,101,https://serpapi.com/search.json?engine=google_maps&google_domain=google.com&hl=en&place_id=ChIJG0z8hHgTTIYRTducfkYArLY
Apex Centre,"3003 Alma Rd, McKinney, TX 75070",(972) 547-2739,http://apexcentre.org/,,,4.3,858,https://serpapi.com/search.json?engine=google_maps&google_domain=google.com&hl=en&place_id=ChIJQwkJK9EVTIYRhMQ6gI6A5GI
Bowlero Fairview,"351 Town Pl, Fairview, TX 75069",(972) 457-9500,https://www.bowlero.com/location/bowlero-fairview,guestservice@lsent.com,,3.6,138,https://serpapi.com/search.json?engine=google_maps&google_domain=google.com&hl=en&place_id=ChIJZctbiN0RTIYRnpe_VFf7QSk
"Andy B's - Denton, TX","2600 Panhandle St, Denton, TX 76201",(940) 222-8858,https://bowlandybs.com/denton,,,4.4,1456,https://serpapi.com/search.json?engine=google_maps&google_domain=google.com&hl=en&place_id=ChIJTeC5z1TLTYYRcMtHjTduyx8
Bowlero Denton,"2200 San Jacinto Blvd, Denton, TX 76205",(940) 383-3515,https://www.bowlero.com/location/bowlero-denton/?utm_source=gbp&utm_medium=organic&utm_campaign=yext_listings,guestservice@lsent.com,,3.8,666,https://serpapi.com/search.json?engine=google_maps&google_domain=google.com&hl=en&place_id=ChIJce3fHtnKTYYRKJyzk9_RYlc
Twin Pins Bowling Bar,"1212 E University Dr, Denton, TX 76209",(940) 808-1622,https://www.twinpinsbowlingbar.com/,cuu.investments.llc@gmail.com,,4.1,586,https://serpapi.com/search.json?engine=google_maps&google_domain=google.com&hl=en&place_id=ChIJlcFRqZ_KTYYRkfb3z05MObc
Urban Air Trampoline and Adventure Park,"3777 Childress Ave, Mesquite, TX 75150",(972) 761-5310,https://www.urbanair.com/texas-mesquite/?utm_source=gmb&utm_medium=website,,,4.2,1729,https://serpapi.com/search.json?engine=google_maps&google_domain=google.com&hl=en&place_id=ChIJry2goU2Xf4gRjn7-149HuaA
Virgin River Bowling Alley,"100 Pioneer Blvd, Mesquite, NV 89027",(877) 438-2929,https://virginriver.playmesquite.com/bowling-arcade/,,,3.8,12,https://serpapi.com/search.json?engine=google_maps&google_domain=google.com&hl=en&place_id=ChIJWcz2jJgryoARQJfubcqzK9M
Celebration Station,"4040 Towne Crossing Blvd, Mesquite, TX 75150",(972) 279-7888,https://www.celebrationstation.com/mesquite-location/home,,,4.6,6528,https://serpapi.com/search.json?engine=google_maps&google_domain=google.com&hl=en&place_id=ChIJ1TWVtoSmToYRiXoKnaQ6SeU
Main Event Lewisville,"2070 S Stemmons Fwy, Lewisville, TX 75067",(972) 459-7770,http://www.mainevent.com/locations/texas/lewisville,media@mainevent.com,,4.4,4911,https://serpapi.com/search.json?engine=google_maps&google_domain=google.com&hl=en&place_id=ChIJ8QbUIvEuTIYRGT9pzownWq8
Andretti Indoor Karting & Games The Colony,"5752 Grandscape Blvd Suite 100, The Colony, TX 75056",(469) 527-3278,https://andrettikarting.com/thecolony/,,,4,4345,https://serpapi.com/search.json?engine=google_maps&google_domain=google.com&hl=en&place_id=ChIJRzZVK6A7TIYRcvma0WkFhHY
Nickel Mania,"2661 Midway Rd Suite 218, Carrollton, TX 75006",(972) 713-9500,https://www.nickelmania.com/?utm_campaign=gmb,,,4.6,1703,https://serpapi.com/search.json?engine=google_maps&google_domain=google.com&hl=en&place_id=ChIJY-6IZAMkTIYRnTydG-JrWOQ
Launch Family Entertainment - Lewisville,"2460 S Stemmons Fwy, Lewisville, TX 75067",(214) 222-5044,https://launchfamilyentertainment.com/lewisville/,"lewisville@launchfamilyentertainment.com, info@launchtrampolinepark.com",,4.8,622,https://serpapi.com/search.json?engine=google_maps&google_domain=google.com&hl=en&place_id=ChIJjVfe5EsvTIYRjz-Rhz7UnL0
AMF Lewisville Lanes,"1398 W Main St, Lewisville, TX 75067",(972) 436-6575,https://www.amf.com/location/amf-lewisville-lanes/?utm_source=gbp&utm_medium=organic&utm_campaign=yext_listings,guestservice@lsent.com,,4.1,777,https://serpapi.com/search.json?engine=google_maps&google_domain=google.com&hl=en&place_id=ChIJzyVI95QtTIYRSf7NHUjMuRo
PINSTACK,"3650 Parish Ln, Westlake, TX 76262",(817) 989-2695,https://pinstackbowl.com/locations/westlake-texas/,,,4.1,193,https://serpapi.com/search.json?engine=google_maps&google_domain=google.com&hl=en&place_id=ChIJe3PidgDRTYYRcEntvQprH4M
FamilyTime Mansfield,"1791 FM1187, Mansfield, TX 76063",(682) 220-9492,http://familytimemansfield.com/,"filler@godaddy.com, 682-220-9492/support@familytimemansfield.com, support@familytimemansfield.com",,4.4,0,https://serpapi.com/search.json?engine=google_maps&google_domain=google.com&hl=en&place_id=ChIJlYg6PTlhToYRsZL2zDkA-y8
The Break Room Smash Room,"1022 E Broad St # 1, Mansfield, TX 76063",(817) 664-3260,https://thebreakroomsmashroom.com/,thebreakroomsmashroom@yahoo.com,,4.9,0,https://serpapi.com/search.json?engine=google_maps&google_domain=google.com&hl=en&place_id=ChIJAQBkT6xhToYRBagRC5ITXnw
Hilltop Lanes,"2010 US-287 BUS, Waxahachie, TX 75165",(972) 935-9705,http://www.hilltoplanesbowling.com/,,"of the Product or
                                                                                 ",4.3,545,https://serpapi.com/search.json?engine=google_maps&google_domain=google.com&hl=en&place_id=ChIJnbcDm_ruToYRPYlHObAd_A0
Pin Center Bowl,"112 Williams Ave, Cleburne, TX 76033",(817) 641-4441,http://www.pincenterbowl.com/,,,3.9,513,https://serpapi.com/search.json?engine=google_maps&google_domain=google.com&hl=en&place_id=ChIJz947OVJGToYRaCnalp5fENY
Putt-Putt Fun Center,"2004 W Pleasant Ridge Rd, Arlington, TX 76015",(817) 467-6565,https://www.puttputt.com/,info@putt-putt.com,,4.3,499,https://serpapi.com/search.json?engine=google_maps&google_domain=google.com&hl=en&place_id=ChIJ8fobfyFjToYRQDEdSicaLR0
All Star Lanes,"9130 Mansfield Rd, Shreveport, LA 71118",(318) 687-3676,https://m.facebook.com/allstarlanesshreveport/?ref=page_internal&mt_nav=1,,,4,346,https://serpapi.com/search.json?engine=google_maps&google_domain=google.com&hl=en&place_id=ChIJ35Qfb5TTNoYRHKjJlAcxeqA
Flix Brewhouse - Mansfield,"416 U.S. 287 Frontage Rd, Mansfield, TX 76063",(682) 877-8001,https://www.flixbrewhouse.com/,,,4.4,628,https://serpapi.com/search.json?engine=google_maps&google_domain=google.com&hl=en&place_id=ChIJK8yanrZhToYR_5UVFatcDPY
Cinemark Mansfield and XD,"2041 U.S. 287 Frontage Rd Ste 901, Mansfield, TX 76063",(817) 473-6979,https://www.cinemark.com/theatres/tx-mansfield/cinemark-mansfield-and-xd?utm_medium=organic&utm_source=gmb&utm_campaign=local_listing_theater&utm_content=GMB_listing&y_source=1_MTc0OTI4OTAtNzE1LWxvY2F0aW9uLndlYnNpdGU%3D,,,4.5,3278,https://serpapi.com/search.json?engine=google_maps&google_domain=google.com&hl=en&place_id=ChIJO2F0TGRhToYRzcM3OB5LCWk
Main Event Support Center,"1221 S Belt Line Rd, Coppell, TX 75019",(214) 530-5151,https://www.mainevent.com/,media@mainevent.com,,2.4,64,https://serpapi.com/search.json?engine=google_maps&google_domain=google.com&hl=en&place_id=ChIJN73Q3jYjTIYR1R2kPF07ZGA
Side Quest Arcade,"430 Winecup Way, Garland, TX 75040",(972) 496-5567,https://www.sidequestarcade.com/,"partysidequest@gmail.com, sidequestarcades@gmail.com",,4.8,1097,https://serpapi.com/search.json?engine=google_maps&google_domain=google.com&hl=en&place_id=ChIJebeNNasdTIYRm8E6XMxoQ9U
Tailgaters Wylie,"960 FM 544, Wylie, TX 75098",(214) 440-2189,http://tailgaterstx.com/,,,4.4,521,https://serpapi.com/search.json?engine=google_maps&google_domain=google.com&hl=en&place_id=ChIJVVIIaXAFTIYRsTybjr-B43U
Texas Skatium,"2020 Rowlett Rd, Garland, TX 75043",(972) 240-6455,http://texasskatium.com/,,,4.4,1587,https://serpapi.com/search.json?engine=google_maps&google_domain=google.com&hl=en&place_id=ChIJJ6I2h4CoToYRGugtKxdbh4U
The Best Little Toy Museum In Texas,"3509 Aztec Trail, Wylie, TX 75098",(469) 469-4496,https://thebestlittletoymuseumintexasc.godaddysites.com/,tmint3509@gmail.com,,5,50,https://serpapi.com/search.json?engine=google_maps&google_domain=google.com&hl=en&place_id=ChIJ1Zg4MnIFTIYRe35Hw_u5S_o
Free Play Arcade - Richardson,"1730 E Belt Line Rd, Richardson, TX 75081",(214) 301-0477,http://freeplayrichardson.com/,,,4.7,2873,https://serpapi.com/search.json?engine=google_maps&google_domain=google.com&hl=en&place_id=ChIJgbg_YlgeTIYRSBqwaCSdxMM
Woodbridge Golf Club,"7400 Country Club Dr, Wylie, TX 75098",(972) 429-5100,http://www.wbgolfclub.com/,,,3.8,343,https://serpapi.com/search.json?engine=google_maps&google_domain=google.com&hl=en&place_id=ChIJjepQFWgDTIYRbmKApwSuZeI
Wylie Recreation Center,"300 Country Club Rd building 200, Wylie, TX 75098",(972) 516-6340,https://www.wylietexas.gov/rec_center,"pdadministration@wylietexas.gov, parks@wylietexas.gov, citymgr@wylietexas.gov, planning@wylietexas.gov, info@wylieedc.com, jobs@wylietexas.gov, wfdadmin@wylietexas.gov, finance@wylietexas.gov, recreation@wylietexas.gov, animalcontrol@wylietexas.gov, libinfo@wylietexas.gov, professionalstandards@wylietexas.gov, code@wylietexas.gov, citysec@wylietexas.gov, publicinfo@wylietexas.gov, utility@wylietexas.gov, cityeng@wylietexas.gov, permits@wylietexas.gov, court@wylietexas.gov, purchasing@wylietexas.gov, policerecords@wylietexas.gov",,4.6,462,https://serpapi.com/search.json?engine=google_maps&google_domain=google.com&hl=en&place_id=ChIJL2_Ub7cETIYRGr23V8wAvLQ
Strike + Reel,"5902 N President George Bush Hwy, Garland, TX 75044",(469) 395-0300,http://www.strikeandreel.com/,,,4.1,3948,https://serpapi.com/search.json?engine=google_maps&google_domain=google.com&hl=en&place_id=ChIJ9zCQijYdTIYRmREtk-TTWKE
Texas Bowling Products,"1800 N Glenville Dr Suite 128, Richardson, TX 75081",(469) 767-0636,http://texasbowlingproducts.com/,,,4.5,59,https://serpapi.com/search.json?engine=google_maps&google_domain=google.com&hl=en&place_id=ChIJF2JbH0ofTIYRaU3ZFnbT57g
Lake Wylie Pins N' Wins,"4034 Charlotte Hwy, Lake Wylie, SC 29710",(803) 831-2553,http://www.lwpinsnwins.com/,"lakewyliebowlandbounceclub@gmail.com, lakewyliebnbparties@gmail.com",,4.2,1473,https://serpapi.com/search.json?engine=google_maps&google_domain=google.com&hl=en&place_id=ChIJKxMxcA-RVogReMPdH3nEOoA
Football Field Sports Bar and Grill,"2014 N State Hwy 78 #100, Wylie, TX 75098",(469) 814-9679,http://footballfieldsportsbarandgrill.com/?utm_source=gmb&utm_medium=referral,,,4,374,https://serpapi.com/search.json?engine=google_maps&google_domain=google.com&hl=en&place_id=ChIJr0BwLuYFTIYRWP0JByjKsUI
Bold BBQ Pit,"114 N Ballard Ave, Wylie, TX 75098",(972) 804-9939,https://www.boldbbqpit.com/,info@boldbbqpit.com,,4.3,517,https://serpapi.com/search.json?engine=google_maps&google_domain=google.com&hl=en&place_id=ChIJd_UPWjEbTIYRGn5OSue-2L0
Fiesta Lanes Bowling Center,"1202 Huisache Ave, New Braunfels, TX 78130",(830) 625-6263,http://www.fiestabowlinglanes.com/,,,4.2,607,https://serpapi.com/search.json?engine=google_maps&google_domain=google.com&hl=en&place_id=ChIJ3deRxHq9XIYR2Z82Chp0t3o
Downtown Social,"386 W San Antonio St, New Braunfels, TX 78130",(830) 214-6650,https://www.downtownsocialnb.com/,"dtsmanager2084@gmail.com, brooklyn.dtsevents@gmail.com",,4.3,1124,https://serpapi.com/search.json?engine=google_maps&google_domain=google.com&hl=en&place_id=ChIJbU0TQ2e9XIYRIHTuJJTSVQA
Solms Bowling Club,"175 N Solms Rd, New Braunfels, TX 78132",(830) 608-9691,http://facebook.com/pages/category/Bowling-Alley/Solms-Bowling-Club-492859947562049/,,,4.6,47,https://serpapi.com/search.json?engine=google_maps&google_domain=google.com&hl=en&place_id=ChIJSY0VvlCWXIYRn2ZP5ckx9nU
Barbarossa Bowling Club,"4007 FM 758, New Braunfels, TX 78130",(830) 625-2034,https://www.facebook.com/barbarossabowling/,,,4.7,22,https://serpapi.com/search.json?engine=google_maps&google_domain=google.com&hl=en&place_id=ChIJP9ZnGBe7XIYRRAI09A8EUAo
Sunset Bowling Lanes,"1304 TX-123, San Marcos, TX 78666",(512) 396-2334,http://www.sunsetbowlinglanes.com/,,,4,0,https://serpapi.com/search.json?engine=google_maps&google_domain=google.com&hl=en&place_id=ChIJp1PwD5OoXIYR1MYpK1O57Hc
Laubach Bowling Club,"1986 Laubach Rd, Seguin, TX 78155",(830) 379-9033,https://m.facebook.com/laubachclub/,,,4.5,19,https://serpapi.com/search.json?engine=google_maps&google_domain=google.com&hl=en&place_id=ChIJK1Iwk0a3XIYRTBT6Ar_SYOU
EVO Entertainment + EVX - Schertz,"18658 I-35 N, Schertz, TX 78154",(210) 764-6986,https://www.evo.co/venueinfo/Schertz,,,4.3,5371,https://serpapi.com/search.json?engine=google_maps&google_domain=google.com&hl=en&place_id=ChIJ3eMfr82TXIYR9YebL7uSIfo
Santikos Cibolo,"18124 I-35, Cibolo, TX 78108",(877) 691-0734,https://www.santikos.com/cibolo/cibolo/theater-info/,,,4.5,3647,https://serpapi.com/search.json?engine=google_maps&google_domain=google.com&hl=en&place_id=ChIJL6kLsHCTXIYRaniMtVf010M
PINSTACK,"742 Northwest Loop 410 Suite 201, San Antonio, TX 78216",(726) 999-2800,https://pinstackbowl.com/locations/san-antonio-texas/,,,3.8,663,https://serpapi.com/search.json?engine=google_maps&google_domain=google.com&hl=en&place_id=ChIJCyfPJ4xhXIYR0rbsbETJ9e8
LoneStar Handgun,"2 Amendment Wy, Converse, TX 78109",(210) 745-2956,http://lonestarhandgun.com/,info@lonestarhandgun.com,,4.8,1583,https://serpapi.com/search.json?engine=google_maps&google_domain=google.com&hl=en&place_id=ChIJ5RXDt0vsXIYRUbziLJxaLQU
Unchartered Adventures San Antonio,"13920 I-35 Frontage Rd, Live Oak, TX 78233",(210) 526-3754,https://san-antonio.uncharteredadventures.com/?utm_source=Organic&utm_medium=GMB&utm_id=Google+,,,4.8,797,https://serpapi.com/search.json?engine=google_maps&google_domain=google.com&hl=en&place_id=ChIJPVjKLjGNXIYRMlOga5l0iEE
Bulverde Bowling Club,"1747 East Ammann Road, Bulverde, TX 78163",(830) 438-3065,https://www.bulverdecommunitycenter.org/,,,4.6,62,https://serpapi.com/search.json?engine=google_maps&google_domain=google.com&hl=en&place_id=ChIJ47vEoxKHXIYRrQz_6Ypz_90
Hoka Hoka Fuku,"7525 N Loop 1604 E Ste. 136, Live Oak, TX 78233",(210) 233-1888,https://www.hokahokafuku.com/,,,4.9,268,https://serpapi.com/search.json?engine=google_maps&google_domain=google.com&hl=en&place_id=ChIJ3QRiVryNXIYRNK7b_UATH-8
The Ticket Sports Bar & Grill,"2617 Pat Booker Rd, Universal City, TX 78148",(210) 566-2555,https://www.facebook.com/pages/Ticket-Uc-Sports-Bar-and-Grill/102434710104238,,,4.1,536,https://serpapi.com/search.json?engine=google_maps&google_domain=google.com&hl=en&place_id=ChIJG3__EmaNXIYRuXLJS0RGXUk
Gather Brewing Company,"210 E Aviation Blvd, Universal City, TX 78148",(210) 868-3596,https://www.gatherbrewing.com/,,,4.7,762,https://serpapi.com/search.json?engine=google_maps&google_domain=google.com&hl=en&place_id=ChIJu5C6OZqTXIYRbnyQ0__nz2c
Uncle Buck's Fish Bowl and Grill,"200 Bass Pro Dr, Round Rock, TX 78665",(512) 876-2600,https://www.unclebucksfishbowlandgrill.com/,,,4,1600,https://serpapi.com/search.json?engine=google_maps&google_domain=google.com&hl=en&place_id=ChIJycKKg1HRRIYRXjGE6E4MjpQ
Tom Foolerys Adventure Park,"3001 Kalahari Blvd, Round Rock, TX 78665",(737) 212-6133,https://www.tomfoolerysadventurepark.com/texas/,,,4,277,https://serpapi.com/search.json?engine=google_maps&google_domain=google.com&hl=en&place_id=ChIJQ4gEvLHRRIYR2SeUFCw15Mw
Spare Birdie,"1400 Discovery Blvd, Cedar Park, TX 78613",(737) 587-3330,https://www.sparebirdie.com/,,,4.4,1165,https://serpapi.com/search.json?engine=google_maps&google_domain=google.com&hl=en&place_id=ChIJNdOwe8ItW4YRjOi-Ax2smvY
High 5 Exchange,"1502 Ranch Rd 620 S, Lakeway, TX 78734",(512) 710-2695,http://www.high5exchange.com/,info@bowlhighfive.com,,4.4,1244,https://serpapi.com/search.json?engine=google_maps&google_domain=google.com&hl=en&place_id=ChIJIUqgU9k5W4YRetYQXhDrMGs
Dave & Buster's Austin,"9333 Research Blvd Service Rd Suite A600, Austin, TX 78759",(512) 346-8015,https://www.daveandbusters.com/us/en/about/locations/austin,,"Service Support 
 Wait Staff 
 Winner",4.2,4961,https://serpapi.com/search.json?engine=google_maps&google_domain=google.com&hl=en&place_id=ChIJK8DpSYLLRIYRbvH0uG9e5uU
H-E-B Center at Cedar Park,"2100 Ave of the Stars, Cedar Park, TX 78613",(512) 600-5000,http://www.hebcenter.com/,"security@hebcenter.com, premium@rs3sports.com, guestservices@hebcenter.com, info@texasstars.com",,4.5,5623,https://serpapi.com/search.json?engine=google_maps&google_domain=google.com&hl=en&place_id=ChIJZ6T9N_IsW4YRJHVxyuz32RU
TopSpin,"1851 S Lakeline Blvd, Cedar Park, TX 78613",(512) 258-3388,http://www.topspinaustin.com/,,,4.3,714,https://serpapi.com/search.json?engine=google_maps&google_domain=google.com&hl=en&place_id=ChIJvZqlyIEtW4YRm7MyyOi-9yQ
The Good Lot,"2500 W New Hope Dr, Cedar Park, TX 78613",(512) 986-4037,http://thegoodlotcp.com/,info@thegoodlotcp.com,,4.7,1144,https://serpapi.com/search.json?engine=google_maps&google_domain=google.com&hl=en&place_id=ChIJg_3DS0ItW4YRrDJuYnT6390
Lakeline Mall,"11200 Lakeline Mall Dr, Cedar Park, TX 78613",(512) 257-7467,https://www.simon.com/mall/lakeline-mall,onlinesupport@shopsimon.com,,4.2,8168,https://serpapi.com/search.json?engine=google_maps&google_domain=google.com&hl=en&place_id=ChIJIeU_GKMyW4YRGlS8rDy2wLU
Vitality Bowls,"1310 Cypress Creek Road Ste 115, Cedar Park, TX 78613",(512) 291-6221,https://vitalitybowls.com/locations/cedar-park/?utm_source=google&utm_medium=gmb&utm_campaign=gmbweblink,"realestate@vitalitybowls.com, cedarpark@vitalitybowls.com, info@vitalitybowls.com, franchise@vitalitybowls.com, press@vitalitybowls.com",,3.8,186,https://serpapi.com/search.json?engine=google_maps&google_domain=google.com&hl=en&place_id=ChIJW2CIxGstW4YRdS7NuuEhaNo
Cedar Creek Lanes,"3203 6th St SW, Cedar Rapids, IA 52404",(319) 364-1506,https://cedarcreeklanes.com/,cedarcreeklanes@gmail.com,,4.5,307,https://serpapi.com/search.json?engine=google_maps&google_domain=google.com&hl=en&place_id=ChIJW8RRGoD35IcRai6QMz4r0E0
Texican Cafe,"11066 Pecan Park Blvd, Cedar Park, TX 78613",(512) 506-9900,http://texicancafe.com/,,,4.3,2018,https://serpapi.com/search.json?engine=google_maps&google_domain=google.com&hl=en&place_id=ChIJIeU_GKMyW4YRqcqD0FAgjDE
EVO Entertainment + EVX + IMAX® - Kyle,"3200 Kyle Crossing, Kyle, TX 78640",(512) 523-9009,https://www.evo.co/venueinfo/Kyle,,,4.4,4951,https://serpapi.com/search.json?engine=google_maps&google_domain=google.com&hl=en&place_id=ChIJvxYzEetTW4YRqDBRp0rzrBY
EVO Entertainment - San Marcos,"1180 Thorpe Ln #130, San Marcos, TX 78666",(512) 831-7196,https://www.evo.co/venueinfo/San-Marcos,,,4.3,2185,https://serpapi.com/search.json?engine=google_maps&google_domain=google.com&hl=en&place_id=ChIJQYRL1lGoXIYRpOj8vixJw2U
Pinballz Kingdom,"15201 S I-35 Frontage Rd, Buda, TX 78610",(512) 523-4080,https://pinballz.com/kingdom,,,4.7,0,https://serpapi.com/search.json?engine=google_maps&google_domain=google.com&hl=en&place_id=ChIJXZDih5JSW4YRHLPkoaDt2c4
Playa Bowls,"150 Heroes Memorial Dr A-400, Kyle, TX 78640",(737) 378-2224,https://playabowls.com/location/kyle-brick-mortar-tx,,,4.9,0,https://serpapi.com/search.json?engine=google_maps&google_domain=google.com&hl=en&place_id=ChIJ22F8WPRRW4YR4bgCbW8VbDA
Texican Cafe,"856 Kohlers Crossing Suite 300, Kyle, TX 78640",(512) 262-7680,http://texicancafe.xyz/,,,4.4,0,https://serpapi.com/search.json?engine=google_maps&google_domain=google.com&hl=en&place_id=ChIJjzTb6dpRW4YR88lNuRoBsNk
Austin Community College: Hays Campus,"1200 Kohlers Crossing, Kyle, TX 78640",(512) 262-6500,http://www.austincc.edu/locations/campuses/hays-campus,,,4,0,https://serpapi.com/search.json?engine=google_maps&google_domain=google.com&hl=en&place_id=ChIJwaRl0Z5WW4YR-FDmmdMxu64
Student Recreation Center,"1011 Academy St, San Marcos, TX 78666",(512) 245-2392,https://www.campusrecreation.txstate.edu/,campusrecreation@txstate.edu,,4.6,0,https://serpapi.com/search.json?engine=google_maps&google_domain=google.com&hl=en&place_id=ChIJrfCHs3aoXIYRrMdgpLpDlqo
THE RAILHOUSE,"107 E Center St, Kyle, TX 78640",(512) 262-7879,https://railhousebar.com/,,,4.4,1274,https://serpapi.com/search.json?engine=google_maps&google_domain=google.com&hl=en&place_id=ChIJ8ajLZp5WW4YRJTRXe_CgQts
Kyle Flea Market,"1119 S. Old Hwy 81, Kyle, TX 78640",(512) 656-5958,https://www.kylefleamarket.net/,kylefleamarket@yahoo.com,,3.9,818,https://serpapi.com/search.json?engine=google_maps&google_domain=google.com&hl=en&place_id=ChIJMTZtTX1UW4YRYAkIdbATcSk
Ace of Spades,"147 Elmhurst Dr #700, Kyle, TX 78640",(512) 262-7237,http://sakuragardenperinton.com/aceofspadestx/,,,4,187,https://serpapi.com/search.json?engine=google_maps&google_domain=google.com&hl=en&place_id=ChIJRa0-pxBUW4YRsnyFpm8EbjI
Slim Chickens,"19524 S I-35 Frontage Rd Frontage, Kyle, TX 78640",(512) 256-5318,https://slimchickens.com/?utm_source=google&utm_medium=organic&utm_campaign=gmb,,,3.9,137,https://serpapi.com/search.json?engine=google_maps&google_domain=google.com&hl=en&place_id=ChIJ19waDABTW4YRnwa2xJJ8PEY
Smokey Mo's BBQ,"4500 S FM1626 Suite 200, Kyle, TX 78640",(512) 610-7493,http://www.smokeymosbbq.com/,,,4.6,603,https://serpapi.com/search.json?engine=google_maps&google_domain=google.com&hl=en&place_id=ChIJhVaMe9tRW4YRErK0KnzhIME
Hawaiian Bros Island Grill,"20471 I-35, Kyle, TX 78640",(512) 270-4918,https://hawaiianbros.com/,,,4.7,2966,https://serpapi.com/search.json?engine=google_maps&google_domain=google.com&hl=en&place_id=ChIJeavdTjFVW4YRUW4-HwxW1fI
Tony C's Pizza & Beer Garden - Kyle,"2344 Kohlers Crossing, Kyle, TX 78640",(737) 248-1003,https://www.tonycsbeergarden.com/,catering@tc4.co,"Enjoy our other brands below 
 
     
 
 
 
 
 
 
 
 
 
 
 
 
 
 
 
 
 
 
 
 
 
 
 
 
 
 
 
 
 
 
 
",4.5,385,https://serpapi.com/search.json?engine=google_maps&google_domain=google.com&hl=en&place_id=ChIJ235lHQBTW4YR_dpQfvIOvFs
Little Land Pediatric Therapy & Play Gym of Buda,"17301 S I-35 Frontage Rd Ste 101, Buda, TX 78610",(512) 994-4115,https://www.littlelandplaygym.com/location/buda,buda@littlelandplaygym.com,,4.6,151,https://serpapi.com/search.json?engine=google_maps&google_domain=google.com&hl=en&place_id=ChIJJ1dgnKVTW4YRRfcWhIQBHvM
Buck's Backyard,"1750 Farm to Market 1626, Buda, TX 78610",(512) 312-9456,https://bucksbackyard.com/events/,info@bucksbackyard.com,,4.4,1281,https://serpapi.com/search.json?engine=google_maps&google_domain=google.com&hl=en&place_id=ChIJ63s9uodRW4YRRKIDWcQdfbQ
Buda Sportsplex,"310 Buda Sportsplex Dr, Buda, TX 78610",(512) 312-0084,http://ci.buda.tx.us/110/Parks-Recreation,"tony.host@budatx.gov, parksandrecreation@budatx.gov",,4.3,24,https://serpapi.com/search.json?engine=google_maps&google_domain=google.com&hl=en&place_id=ChIJ9zfmZQ5RW4YRFys7GaWInIA
Punch Bowl Social,"522 Congress Ave., Austin, TX 78701",(512) 549-8937,https://punchbowlsocial.com/location/austin-downtown-texas/,marketing@punchbowlsocial.com,,4.2,743,https://serpapi.com/search.json?engine=google_maps&google_domain=google.com&hl=en&place_id=ChIJvwq4Vpe1RIYRJHzEE2qv5zo
Beijing Bistro - Buda,"3420-B FM 967 Unit B-110, Buda, TX 78610",(512) 523-8030,http://beijingbistrobuda.com/,,,4.2,517,https://serpapi.com/search.json?engine=google_maps&google_domain=google.com&hl=en&place_id=ChIJN-Q2PPpRW4YRYU11f1B3aeQ
MudBugs - A Cajun Joint,"306 S Main St Suite 107, Buda, TX 78610",(512) 523-8241,http://www.peaceloveandcrawfish.com/,info@peaceloveandcrawfish.com,,4.4,941,https://serpapi.com/search.json?engine=google_maps&google_domain=google.com&hl=en&place_id=ChIJu_m8lQdTW4YRuMdKkedkYOs
Willie's Joint BAR and GRILL,"824 Main St, Buda, TX 78610",(512) 295-0483,http://williesjoint.com/,info@williesjoint.com,,4.3,1055,https://serpapi.com/search.json?engine=google_maps&google_domain=google.com&hl=en&place_id=ChIJ2ThLgV1SW4YRMxHnLLma6RE
Jackson Tyler Norris Memorial Skatepark,"480 S Loop 4, Buda, TX 78610",(281) 770-7279,https://ci.buda.tx.us/375/Jackson-Tyler-Norris-Memorial-Skate-Park,,,4.5,82,https://serpapi.com/search.json?engine=google_maps&google_domain=google.com&hl=en&place_id=ChIJ46fDCSFTW4YRKk1q4p_4SXk
Brooklyn's Down South,"100 N, Main St, Buda, TX 78610",(512) 312-4387,http://www.brooklynsdownsouth.com/,,,4.3,1660,https://serpapi.com/search.json?engine=google_maps&google_domain=google.com&hl=en&place_id=ChIJPwl_9kNSW4YRUoGzP-ivmdM
Bahama Buck's - Buda,"1245 Main St Ste 200, Buda, TX 78610",(512) 295-0557,https://bahamabucks.com/shop/buda/,,,4.4,291,https://serpapi.com/search.json?engine=google_maps&google_domain=google.com&hl=en&place_id=ChIJf8Q-OXZTW4YRk1kB9MUQG7w
The Watering Bowl,"820 Farm to Market 1626, Austin, TX 78748",(512) 330-4463,https://www.thewateringbowlatx.com/,info@thewateringbowlatx.com,,4.8,276,https://serpapi.com/search.json?engine=google_maps&google_domain=google.com&hl=en&place_id=ChIJY9FduJRNW4YRwbBQ196pZ3o
Memorial Miniature Golf and Museum,"1710 N Farm to Market 1626, Buda, TX 78610",(512) 312-4207,https://memorialminigolf.com/,,will help you land,4.7,281,https://serpapi.com/search.json?engine=google_maps&google_domain=google.com&hl=en&place_id=ChIJNZLOD6NNW4YR4iw2g9jQ24I
Cabela's,"15570 S I-35 Frontage Rd, Buda, TX 78610",(512) 295-1100,https://stores.cabelas.com/us/tx/buda/15570-south-interstate-35-frontage-road.html?y_source=1_Mzk4NjcxNS03MTUtbG9jYXRpb24ud2Vic2l0ZQ%3D%3D,manager_buda_tx@basspro.com,Email Us STORE HOURS Your Adventure Starts Here,4.5,6976,https://serpapi.com/search.json?engine=google_maps&google_domain=google.com&hl=en&place_id=ChIJlSzJxPVSW4YR59U2xb03AGY
Leander Activity Center,"11880 Hero Way W Suite 600, Leander, TX 78641",(512) 528-9909,https://www.leandertx.gov/facilities/facility/details/Leander-Activity-Center-8,,,4.4,17,https://serpapi.com/search.json?engine=google_maps&google_domain=google.com&hl=en&place_id=ChIJsShJibErW4YRuRM8CPoXRAE
The Spinning Wheel Atx,"2205 S Bagdad Rd, Leander, TX 78641",(512) 812-8281,https://artstudioleander.com/,,,5,317,https://serpapi.com/search.json?engine=google_maps&google_domain=google.com&hl=en&place_id=ChIJF2g3GQQtW4YR8MsApfqKTk8
Nameless Saloon,"23296 Nameless Rd, Leander, TX 78641",(737) 340-7020,http://www.namelesssaloon.com/,info@namelesssaloon.com,,4.7,175,https://serpapi.com/search.json?engine=google_maps&google_domain=google.com&hl=en&place_id=ChIJ-1IRA1AvW4YR_uB2ue-0lU8
Layne's Chicken Fingers - Leander,"11312 Hero Way W #100, Leander, TX 78641",(512) 737-8810,http://www.layneschickenfingers.com/,,of this website has made,4.6,56,https://serpapi.com/search.json?engine=google_maps&google_domain=google.com&hl=en&place_id=ChIJ1cXPAwArW4YRpzIJrE1mpIw
Volente Beach Resort & Waterpark,"16107 Farm to Market Rd 2769 Suite D, Leander, TX 78641",(512) 258-5110,https://www.beachsidebillys.com/,"brittney@volentebeach.com, info@beachsidebillys.com",,4.2,1127,https://serpapi.com/search.json?engine=google_maps&google_domain=google.com&hl=en&place_id=ChIJ0ZlyFOUrW4YR3ngh54mptfY
Blue Corn Harvest Bar and Grill Leander,"11840 Hero Way W Bldg A, Leander, TX 78641",(512) 337-7633,http://www.bluecornharvest.com/,"bch@bluecornharvest.com, bchleander@bluecornharvest.com, bch.gt@bluecornharvest.com, bch.rr@bluecornharvest.com",,4.5,925,https://serpapi.com/search.json?engine=google_maps&google_domain=google.com&hl=en&place_id=ChIJQ82UND0rW4YRmWju9jJ2cAU
Red Horn Brewery & Roastery,"1615 Scottsdale Dr Building 1 Suite 110, Leander, TX 78641",(512) 986-7038,http://www.redhornbrew.com/,,,4.5,292,https://serpapi.com/search.json?engine=google_maps&google_domain=google.com&hl=en&place_id=ChIJ8VAyGUotW4YRCq2hv4ZJfuI
Lucky Strike Corpus Christi,"6116 Ayers St, Corpus Christi, TX 78415",(361) 857-2695,https://www.luckystrikeent.com/location/lucky-strike-corpus-christi?utm_source=gbp&utm_medium=organic&utm_campaign=yext_listings,guestservice@lsent.com,,4.1,2337,https://serpapi.com/search.json?engine=google_maps&google_domain=google.com&hl=en&place_id=ChIJPbpnKVP1aIYRYfWMN_ncKIk
CM Lanes,"2285 W Wheeler Ave, Aransas Pass, TX 78336",(361) 226-3987,https://www.cmlanes.com/,,,4.6,499,https://serpapi.com/search.json?engine=google_maps&google_domain=google.com&hl=en&place_id=ChIJJYvDbrxTaIYRGPCcHSPapK0
NASCC Bowling Center,"Corpus Christi, TX 78418",(361) 961-3805,https://www.navymwrcorpuschristi.com/programs/c957f9f0-576b-4ed8-98cc-2d9cab18ea0f,,,4,25,https://serpapi.com/search.json?engine=google_maps&google_domain=google.com&hl=en&place_id=ChIJM3CStGj3aIYRgOTFuXcNX4c
Galaxy Bowling Center,"3451 Pablo Kisel Blvd, Brownsville, TX 78526",(956) 350-5252,http://www.galaxybowlingcenter.com/,,,4.3,745,https://serpapi.com/search.json?engine=google_maps&google_domain=google.com&hl=en&place_id=ChIJQWggicCWb4YRAs0-xeY-hjs
Main Event Brownsville,"Sunrise Mall, 2320 Frontage Rd, Brownsville, TX 78521",(956) 690-5151,https://www.mainevent.com/locations/texas/brownsville/,media@mainevent.com,,4.8,2806,https://serpapi.com/search.json?engine=google_maps&google_domain=google.com&hl=en&place_id=ChIJvRjZL5iXb4YRjGOZ5nA0fY0
Flamingo Bowl,"3301 N 23rd St, McAllen, TX 78501",(956) 686-1286,https://flamingobowlonline.com/,,,4.4,0,https://serpapi.com/search.json?engine=google_maps&google_domain=google.com&hl=en&place_id=ChIJT0J_b96mZYYRK9qNt-CnAKc
Main Event Pharr,"500 N Jackson Rd Suite C, Pharr, TX 78577",(956) 787-7100,http://www.mainevent.com/locations/texas/pharr,media@mainevent.com,,4.4,0,https://serpapi.com/search.json?engine=google_maps&google_domain=google.com&hl=en&place_id=ChIJxVOO0r2gZYYRjgQklz1c_0U
Incredibowl Pickle & Padel,"2140 E U.S. Business 83, Mission, TX 78572",(956) 585-2041,http://www.missionincredibowl.com/,,,4.1,0,https://serpapi.com/search.json?engine=google_maps&google_domain=google.com&hl=en&place_id=ChIJswqK0canZYYRDCtqkbwFM-g
Jett Bowl North,"5823 McPherson Rd, Laredo, TX 78041",(956) 724-2695,http://www.jettbowl.com/,"contact@mysite.com, contact@jettbowl.com",,4.4,0,https://serpapi.com/search.json?engine=google_maps&google_domain=google.com&hl=en&place_id=ChIJ85PkG-AgYYYRHHlXH3H1G64
Pla-Mor Entertainment,"2819 Bob Bullock Lp, Laredo, TX 78045",(956) 413-8123,http://plamorlaredo.com/,info@plamorlaredo.com,,4.1,0,https://serpapi.com/search.json?engine=google_maps&google_domain=google.com&hl=en&place_id=ChIJ09rA06zYYIYRS41qGZyzz6w
Main Event Laredo,"5300 San Dario Ave D1A, Laredo, TX 78041",(956) 722-2695,http://www.mainevent.com/locations/texas/laredo/,media@mainevent.com,,4.7,0,https://serpapi.com/search.json?engine=google_maps&google_domain=google.com&hl=en&place_id=ChIJ1Z15-U4hYYYRVpNDS8feAAw
Space Monkey Arcade,"1204 E Canton Rd, Edinburg, TX 78539",(956) 278-6290,http://www.spacemonkeyarcade.com/,,,4.6,99,https://serpapi.com/search.json?engine=google_maps&google_domain=google.com&hl=en&place_id=ChIJLQYGEymhZYYRdUiMWTyDcQ0
Fast Eddie's Billiards - Edinburg,"815 N Closner Blvd, Edinburg, TX 78541",(956) 381-9300,https://fasteddiesbilliards.com/edinburg/,,,4.6,788,https://serpapi.com/search.json?engine=google_maps&google_domain=google.com&hl=en&place_id=ChIJm7AwITuiZYYRh1jvT8iZBaU
Pins & Cues Bowling Center,"514 Plaza Los Encinos, Weslaco, TX 78596",(956) 854-4290,https://pinsandcues.weebly.com/,,,4.1,483,https://serpapi.com/search.json?engine=google_maps&google_domain=google.com&hl=en&place_id=ChIJn0Zm8Ct4ZYYRCH2Nt6QzTN8
Century Lanes,"3401 John Stockbauer Dr, Victoria, TX 77901",(361) 576-1166,http://www.centurylanes.com/,,,4.2,343,https://serpapi.com/search.json?engine=google_maps&google_domain=google.com&hl=en&place_id=ChIJ-VZsdnJnQoYRu_N1nExX1Ck
Green Acres Bowl,"2311 E SE Loop 323, Tyler, TX 75701",(903) 561-2911,http://www.greenacresbowl.com/,,,4.1,808,https://serpapi.com/search.json?engine=google_maps&google_domain=google.com&hl=en&place_id=ChIJSZoIHkPMSYYR6cO47rK5MOo
Times Square Grand Slam,"5201 S Broadway Ave #170, Tyler, TX 75703",(903) 347-0255,https://tylermovies.com/home,,,4.6,5423,https://serpapi.com/search.json?engine=google_maps&google_domain=google.com&hl=en&place_id=ChIJmV59un3MSYYRVNd-bXJaBUY
The 11th Frame Club,"2311 TX-323 Loop, Tyler, TX 75703",(903) 561-2911,https://greenacresbowl.com/11th-frame-club/,,,3.8,5,https://serpapi.com/search.json?engine=google_maps&google_domain=google.com&hl=en&place_id=ChIJ7RENAJrNSYYRRTfrXodJdwg
Holiday Entertainment,"3408 N State Line Ave, Texarkana, AR 71854",(870) 772-8269,http://www.holidayec.com/,,,4.5,796,https://serpapi.com/search.json?engine=google_maps&google_domain=google.com&hl=en&place_id=ChIJu0jtEyRqNIYRLVTxNkkmD14
College Bowl,"2424 College Dr, Texarkana, TX 75501",(903) 838-8551,http://www.collegebowltexarkana.com/,,,4.3,244,https://serpapi.com/search.json?engine=google_maps&google_domain=google.com&hl=en&place_id=ChIJw30tgeNBNIYRA-U47iR3T34
PrimeTime Family Entertainment Center,"4541 Loop 322, Abilene, TX 79602",(325) 690-5555,https://primetimeabilene.com/,office@primetimeabilene.com,,4.2,1446,https://serpapi.com/search.json?engine=google_maps&google_domain=google.com&hl=en&place_id=ChIJn502XnmSVoYR_JPpgG1MFLU
Dyess Lanes and Deadwood Café,"398 Ave C, Abilene, TX 79607",(325) 696-4166,https://dyessfss.com/bowling/,,,4.3,89,https://serpapi.com/search.json?engine=google_maps&google_domain=google.com&hl=en&place_id=ChIJv1cHSdmLVoYRtVFKebPuLyY
Family Life Center,"1442 N 2nd St, Abilene, TX 79601",(325) 675-8144,http://fbcflc.org/,,,4.5,170,https://serpapi.com/search.json?engine=google_maps&google_domain=google.com&hl=en&place_id=ChIJk80wXBaOVoYRJM0K1arF3_I
Abilene Bowling Lanes,"279 Ruidosa Ave A, Abilene, TX 79605",(325) 692-5100,https://www.facebook.com/Abilene-Bowling-Lanes-111361215563046/,,,4,181,https://serpapi.com/search.json?engine=google_maps&google_domain=google.com&hl=en&place_id=ChIJ5SJCPMeOVoYRqo7R0djbk3E
Western Bowl,"5120 Canyon Dr, Amarillo, TX 79109",(806) 977-9369,https://westernbowlama.com/,,,4.3,1369,https://serpapi.com/search.json?engine=google_maps&google_domain=google.com&hl=en&place_id=ChIJwYi4EVZFAYcRWRVRaceg1ds
Eastridge Lanes,"5405 E Amarillo Blvd, Amarillo, TX 79107",(806) 383-9531,https://www.eastridgelanes.org/,eastridgelanes@gmail.com,,4.3,385,https://serpapi.com/search.json?engine=google_maps&google_domain=google.com&hl=en&place_id=ChIJ41CjihZJAYcRhb0kyrmEr18
Whitewood Lanes-Lubbock,"3632 50th St, Lubbock, TX 79413",(806) 795-9593,https://www.whitewoodlanes.com/contact/,,,4.3,790,https://serpapi.com/search.json?engine=google_maps&google_domain=google.com&hl=en&place_id=ChIJ3Sqi-pty_oYRKITC2FOvM90
Main Event Lubbock,"6010 Marsha Sharp Fwy W, Lubbock, TX 79407",(806) 792-3333,http://www.mainevent.com/locations/texas/lubbock,media@mainevent.com,,4.2,2649,https://serpapi.com/search.json?engine=google_maps&google_domain=google.com&hl=en&place_id=ChIJB048ABhz_oYRLZN7pATlKOI
South Plains Lanes,"5150 69th St #1652, Lubbock, TX 79424",(806) 794-4844,https://www.splbowling.com/,mgilchrest@splbowling.com,,4.4,570,https://serpapi.com/search.json?engine=google_maps&google_domain=google.com&hl=en&place_id=ChIJ05WCPPZy_oYRuxZ97wuZ9AA
Village Bowl,"4022 Kemp Blvd, Wichita Falls, TX 76308",(940) 696-2695,http://www.villagebowl.net/,,,4.3,490,https://serpapi.com/search.json?engine=google_maps&google_domain=google.com&hl=en&place_id=ChIJPdSU0c8hU4YRBw8UfdtnQdM
Plex Entertainment,"4131 Southwest Pkwy, Wichita Falls, TX 76308",(940) 696-1222,https://plexentertainment.net/,"filler@godaddy.com, info@plexentertainment.net",,4,783,https://serpapi.com/search.json?engine=google_maps&google_domain=google.com&hl=en&place_id=ChIJETnwGeAhU4YRoiH_l1UCjT0
Xtreme Bowling at North Lanes,"425 8th Ave bldg 811, Wichita Falls, TX 76311",(940) 676-2677,https://82fss.com/north-bowling-lanes/,"george.chewens@us.af.mil, 82fsswebmaster@gmail.com",,4.6,37,https://serpapi.com/search.json?engine=google_maps&google_domain=google.com&hl=en&place_id=ChIJCTCNxhMnU4YR4iLyLnIADks
Bowlero Waco,"4565 W Waco Dr, Waco, TX 76710",(254) 772-6600,https://www.bowlero.com/location/bowlero-waco?utm_source=gbp&utm_medium=organic&utm_campaign=yext_listings,guestservice@lsent.com,,4.1,1161,https://serpapi.com/search.json?engine=google_maps&google_domain=google.com&hl=en&place_id=ChIJy9q2KfmDT4YRvnnTwA5TVlw
Main Event Waco,"2420 Creekview Dr., Waco, TX 76711",(254) 256-5600,https://www.mainevent.com/waco/,media@mainevent.com,,4.5,1315,https://serpapi.com/search.json?engine=google_maps&google_domain=google.com&hl=en&place_id=ChIJDXz3vrSBT4YRIBMlLUmaQqs
Hallmark Lanes,"4203 Shawn Dr, Killeen, TX 76542",(254) 690-4949,http://www.hallmarklanes.com/,,,4.2,1053,https://serpapi.com/search.json?engine=google_maps&google_domain=google.com&hl=en&place_id=ChIJfVIgpSpKRYYRvZdUfLj4BNk
Killeen Bowlerama,"922 N 38th St, Killeen, TX 76543",(254) 699-5222,http://www.killeenbowlerama.com/,bowlerama58@gmail.com,,4.1,548,https://serpapi.com/search.json?engine=google_maps&google_domain=google.com&hl=en&place_id=ChIJp5_iHVZJRYYR87NxqhAuR8A
AREA 254,"901 S Fort Hood St, Killeen, TX 76541",(254) 213-2660,http://www.area254.fun/,,,4.7,849,https://serpapi.com/search.json?engine=google_maps&google_domain=google.com&hl=en&place_id=ChIJXYtRQrFLRYYRcV5Jbvb_uHA
Phantom Warrior Lanes,"49010 Clear Creek Rd #49010 #49010, Fort Hood, TX 76544",(254) 287-3424,https://hood.armymwr.com/programs/phantom-warrior-lanes-bowling-center,,,4.4,700,https://serpapi.com/search.json?engine=google_maps&google_domain=google.com&hl=en&place_id=ChIJA6aYPzyzWoYRh9-7KyL_QL4
Grand Station Entertainment,"2400 Earl Rudder Fwy S, College Station, TX 77840",(979) 696-1100,http://grandstationent.com/,,,4.4,1844,https://serpapi.com/search.json?engine=google_maps&google_domain=google.com&hl=en&place_id=ChIJ6cNMU0KERoYR-AogLUZWjfQ
Schulman's Movie Bowl Grille,"206 W Villa Maria Rd, Bryan, TX 77801",(903) 546-5280,https://www.moviebowlgrille.com/future-locations,,,2.6,5,https://serpapi.com/search.json?engine=google_maps&google_domain=google.com&hl=en&place_id=ChIJvZNSJwCDRoYRG45P4FgUrtE
Legends Event Center,"2533 Midtown Pk Blvd, Bryan, TX 77801",(979) 703-5905,https://bryanlegends.com/,"parties@bryanlegends.com, info@bryanlegends.com",The Sports Facilities Companies and is an equal opportunity employer,4.7,240,https://serpapi.com/search.json?engine=google_maps&google_domain=google.com&hl=en&place_id=ChIJgyqURaeDRoYRvfOdEMXulSg
Topgolf Bryan,"400 W Villa Maria Rd, Bryan, TX 77801",(979) 321-6538,https://topgolf.com/us/bryan/,,,4.3,0,https://serpapi.com/search.json?engine=google_maps&google_domain=google.com&hl=en&place_id=ChIJK6NT6j-DRoYRYZbJ3HopJ44
Cinergy Copperas Cove,"402 Constitution Dr, Copperas Cove, TX 76522",(254) 542-4900,https://www.cinergy.com/copperas-cove?utm_source=google&utm_medium=organic&utm_campaign=gmb-listing-copperas-cove,,,4.6,3131,https://serpapi.com/search.json?engine=google_maps&google_domain=google.com&hl=en&place_id=ChIJUyiEvPizWoYR9nsSi83dec4
Putters & Gutters Fun Center- Lampasas,"2341 US-281, Lampasas, TX 76550",(512) 564-5224,http://www.puttersandgutters.com/,puttersandgutters@yahoo.com,,4.5,1193,https://serpapi.com/search.json?engine=google_maps&google_domain=google.com&hl=en&place_id=ChIJp2QChlWUWoYRQGzTE-CHeTY
Spare Time Texas Temple,"5434 205 Loop, Temple, TX 76502",(254) 781-4400,https://sparetimetexas.com/,,,4.5,2530,https://serpapi.com/search.json?engine=google_maps&google_domain=google.com&hl=en&place_id=ChIJrTOHcUtqRYYRwj7ydsIou5Q
Copperas Cove Civic Center,"1206 W Avenue B, Copperas Cove, TX 76522",(254) 542-2719,https://www.copperascovetx.gov/205/Parks-Recreation,jstoddard@copperascovetx.gov,,4.4,38,https://serpapi.com/search.json?engine=google_maps&google_domain=google.com&hl=en&place_id=ChIJfcSF-uCwWoYRgelvreSPDd8
The Cove Theater,"111 W Avenue D, Copperas Cove, TX 76522",(254) 577-5223,https://www.thecovetheater.com/,thecovetheater@gmail.com,,4.8,108,https://serpapi.com/search.json?engine=google_maps&google_domain=google.com&hl=en&place_id=ChIJWQ0tkTqxWoYRErD4hdMrxyk
Gold's Gym Copperas Cove,"249 Robert Griffin III, Copperas Cove, TX 76522",(254) 987-6383,https://www.goldsgym.com/copperas-cove-tx/,,,4.1,397,https://serpapi.com/search.json?engine=google_maps&google_domain=google.com&hl=en&place_id=ChIJxxsZ5PuzWoYRryU8F46k6s0
EJI Firearms,"2901 Deer Flat Dr, Copperas Cove, TX 76522",(254) 547-8433,http://www.ejiarms.com/,customerservice@ejiarms.com,of EJI Firearms,4.7,133,https://serpapi.com/search.json?engine=google_maps&google_domain=google.com&hl=en&place_id=ChIJkVHM1cWwWoYRO-hPWJdtTW4
Bush's Chicken Cove,"112 W Hwy 190, Copperas Cove, TX 76522",(254) 547-0273,http://www.bushschicken.com/,info@bushschicken.com,,4.2,754,https://serpapi.com/search.json?engine=google_maps&google_domain=google.com&hl=en&place_id=ChIJIzSxpi2xWoYREVKH15ds3zI
Lil-Tex Restaurant,"502 S Main St, Copperas Cove, TX 76522",(254) 542-6677,https://lil-tex.com/,,,4.3,2236,https://serpapi.com/search.json?engine=google_maps&google_domain=google.com&hl=en&place_id=ChIJu3f6NTCxWoYRAkv8ucw22xs
Animal Medical Center Copperas Cove,"2515 E Business Hwy 190, Copperas Cove, TX 76522",(254) 547-0355,https://www.animalmedicalcentercopperascove.com/?utm_source=gmb&utm_medium=organic&y_source=1_MTE2Njg4MTAtNzE1LWxvY2F0aW9uLndlYnNpdGU%3D,,,4.8,974,https://serpapi.com/search.json?engine=google_maps&google_domain=google.com&hl=en&place_id=ChIJrUVq6VaxWoYRAyqK7nvaF8A
Central Texas USBC,,(254) 534-5523,https://bowlkilleenforthood.org/,,,5,1,https://serpapi.com/search.json?engine=google_maps&google_domain=google.com&hl=en&place_id=ChIJkfvKoEyxWoYRc3YVeJbOle4
Hot Wok,"411 W Hwy 190 Ste101, Copperas Cove, TX 76522",(254) 547-8999,http://www.hotwoktx.net/,,,3.1,0,https://serpapi.com/search.json?engine=google_maps&google_domain=google.com&hl=en&place_id=ChIJWyLbJzKxWoYR5vrG8y-MT70
Toa's Ohana Hawaiian Restaurant,"308 E Avenue D, Copperas Cove, TX 76522",(254) 238-8485,https://toasohana.com/?utm_source=google,,,4.5,0,https://serpapi.com/search.json?engine=google_maps&google_domain=google.com&hl=en&place_id=ChIJjXpBgjqxWoYR6SigNvNBt1U
Domino's Pizza,"2127 E Business Hwy 190 Suite C Ste C, Copperas Cove, TX 76522",(254) 547-7566,https://www.dominos.com/en/?utm_source=google&utm_medium=loclist&utm_campaign=localmaps,,,4,0,https://serpapi.com/search.json?engine=google_maps&google_domain=google.com&hl=en&place_id=ChIJFVwOCVGxWoYRVU8ph2f04_M
Applebee's Grill + Bar,"2525 E Business Hwy 190, Copperas Cove, TX 76522",(254) 518-3001,https://restaurants.applebees.com/en-us/tx/copperas-cove/2525-u.s.-hwy-190-80007?utm_source=google&utm_medium=organic&utm_campaign=google_my_business&utm_term=80007&utm_content=website,,,4.1,0,https://serpapi.com/search.json?engine=google_maps&google_domain=google.com&hl=en&place_id=ChIJ2Rc79laxWoYRUjptAeLl7V0
Smokehouse 44,"508 S Main St, Copperas Cove, TX 76522",(512) 359-2326,https://smokehouse44.com/,,,4.9,0,https://serpapi.com/search.json?engine=google_maps&google_domain=google.com&hl=en&place_id=ChIJYT9RRigbW4YRzqLHKvW8x0o
Jokers IceHouse Bar & Grill,"7900 S Clear Creek Rd, Killeen, TX 76549",(254) 554-9051,http://www.jokersicehouse.net/,,,4.3,0,https://serpapi.com/search.json?engine=google_maps&google_domain=google.com&hl=en&place_id=ChIJ7XBjT820WoYR_Ef2RL_nAzQ
McAlister's Deli,"232 Robert Griffin III Suite 100, Copperas Cove, TX 76522",(254) 547-4011,https://locations.mcalistersdeli.com/tx/copperas-cove/232-robert-griffin-iii-blvd.?utm_source=google&utm_medium=organic&utm_campaign=locations_partner,,,4.3,0,https://serpapi.com/search.json?engine=google_maps&google_domain=google.com&hl=en&place_id=ChIJ_2oE5PuzWoYR8mePPib1WbM
Smoothie King,"2726 E Business Hwy 190 Ste 140, Copperas Cove, TX 76522",(254) 577-5100,https://locations.smoothieking.com/ll/us/tx/copperas-cove/2726-e-hwy-190-suite-140/?utm_source=google&utm_medium=organic&utm_content=SOCi,,,4.6,0,https://serpapi.com/search.json?engine=google_maps&google_domain=google.com&hl=en&place_id=ChIJ2dhKd7mzWoYR8eP9qoawmpc
Schlotzsky's,"80 Cove Ter, Copperas Cove, TX 76522",(254) 542-1107,https://locations.schlotzskys.com/tx/copperas-cove/80-cove-terrace?utm_source=google&utm_medium=organic&utm_campaign=locations_partner,,,4,0,https://serpapi.com/search.json?engine=google_maps&google_domain=google.com&hl=en&place_id=ChIJY4PyMTGxWoYR_f_23sxbXks
Jess's Juice Bar,"1301 E Business Hwy 190, Copperas Cove, TX 76522",(254) 249-1113,https://jesssjuicebar.com/,,,5,0,https://serpapi.com/search.json?engine=google_maps&google_domain=google.com&hl=en&place_id=ChIJvy6G-UGxWoYRCHUgC5o9Gm8
Crossroads Bowling Center,"4370 Dowlen Rd, Beaumont, TX 77706",(409) 899-2695,https://crossroadsbowlhiri.wixsite.com/crossroads-1,crossroadsbowling@gmail.com,,4,521,https://serpapi.com/search.json?engine=google_maps&google_domain=google.com&hl=en&place_id=ChIJyba7VmYzOYYRyarNHW846Tg
Star Bowling Bar & Grill,"4180 Pinkston Dr, Beaumont, TX 77703",(409) 892-3851,https://masa.plus/STORE/7906,,,4.2,474,https://serpapi.com/search.json?engine=google_maps&google_domain=google.com&hl=en&place_id=ChIJZVtsXb00OYYRVtg5woiNtjg
Main Event Beaumont,"5380 Rexora Dr, Beaumont, TX 77707",(409) 287-0700,https://www.mainevent.com/beaumont/,media@mainevent.com,,4.3,692,https://serpapi.com/search.json?engine=google_maps&google_domain=google.com&hl=en&place_id=ChIJe23Rm_LNPoYRCoHWJfH40CI
Play Today,"18440 TX-62, Orange, TX 77630",(409) 679-4861,https://playtoday.me/,filler@godaddy.com,,4.7,89,https://serpapi.com/search.json?engine=google_maps&google_domain=google.com&hl=en&place_id=ChIJvWUss1yrPoYRp_t4ar0uGfM
Max Bowl - Port Arthur,"3500 Regional Dr, Port Arthur, TX 77642",(409) 202-2115,https://tripleshift.com/port-arthur/?utm_source=gmb&utm_medium=organic,,,4.3,1456,https://serpapi.com/search.json?engine=google_maps&google_domain=google.com&hl=en&place_id=ChIJ0_ksI9KwPoYR1M5lNzDlNrA
Orange Community Players - The Jeff Hattman Center for the Performing Arts,"3330 Bowling Ln, Orange, TX 77630",(409) 440-7482,http://www.ocplayers.org/,info@ocplayers.org,,4.9,12,https://serpapi.com/search.json?engine=google_maps&google_domain=google.com&hl=en&place_id=ChIJD5mLSxoAPIYRgq1H94505WQ
Lutcher Theater-Performing Arts,"707 Main Ave, Orange, TX 77630",(409) 886-5535,http://lutcher.org/,,,4.8,364,https://serpapi.com/search.json?engine=google_maps&google_domain=google.com&hl=en&place_id=ChIJAT5l_BoAPIYRTimlNHsy4WM
Spanky's Bar & Grill,"1703 N 16th St, Orange, TX 77630",(409) 886-2949,http://spankysbargrill.com/,,,4.4,2171,https://serpapi.com/search.json?engine=google_maps&google_domain=google.com&hl=en&place_id=ChIJ2dr2vVRVOYYRdVL13HyFIxw
Flying J Travel Center,"7112 I-10, Orange, TX 77632",(409) 883-9465,https://locations.pilotflyingj.com/us/tx/orange/7112-i-10-w,,,4,1488,https://serpapi.com/search.json?engine=google_maps&google_domain=google.com&hl=en&place_id=ChIJGcL3dKZUOYYRAAqlnxtDn1Q
Orange Travel Information Center,"1708 I-10, Orange, TX 77632",(409) 883-9416,https://www.txdot.gov/discover/rest-areas-travel-information-centers/travel-information-centers/orange.html,,,4.4,1077,https://serpapi.com/search.json?engine=google_maps&google_domain=google.com&hl=en&place_id=ChIJaXEYcv__O4YReKmMjCNrYeE
Lucky Strike Orange,"20 City Blvd W Suite G - 2, Orange, CA 92868",(714) 937-5263,https://www.luckystrikeent.com/location/lucky-strike-orange?utm_source=gbp&utm_medium=organic&utm_campaign=yext_listings,guestservice@lsent.com,,4.3,816,https://serpapi.com/search.json?engine=google_maps&google_domain=google.com&hl=en&place_id=ChIJl0znByfY3IARdnRcUOEw-C0
Gokey's Bowling and Recreation,"184 Kings Row St, Livingston, TX 77351",(936) 365-2732,http://bowlinglivingstontx.com/,,of this site please contact,4.7,59,https://serpapi.com/search.json?engine=google_maps&google_domain=google.com&hl=en&place_id=ChIJW0F31-WEOIYRQd3m8NldDyQ
BOWLING ALLEY,"6510-6900, US-190, Livingston, TX 77351",(936) 967-2695,https://triplejlanes.net/,triplejlanes@yahoo.com,,4.1,16,https://serpapi.com/search.json?engine=google_maps&google_domain=google.com&hl=en&place_id=ChIJtwFXzG-BOIYRMLkeUNVRy8Q
Bowlero Orange County,"2405 Park Ave, Tustin, CA 92782",(714) 258-2695,https://www.bowlero.com/location/bowlero-orange-county?utm_source=gbp&utm_medium=organic&utm_campaign=yext_listings,guestservice@lsent.com,,4.3,865,https://serpapi.com/search.json?engine=google_maps&google_domain=google.com&hl=en&place_id=ChIJF9aBdR_c3IAR2cCsyu2ARlE
Petro Bowl,"630 Petro Point Dr, Lake Charles, LA 70607",(337) 477-7554,http://www.petrobowl.net/,,,4.2,1101,https://serpapi.com/search.json?engine=google_maps&google_domain=google.com&hl=en&place_id=ChIJOwPBZgKHO4YR_-xp8YtfHRY
ACE Hardware,"n, 3704 N 16th St, Orange, TX 77632",(409) 886-4600,"http://www.acehardware.com/mystore/index.jsp?store=03677&saddr=30.2193439,-93.80448310000003(77632)&daddr=30.1208,-93.7478(3704%20N%2016th%20St%20Orange,%20TX%2077632)",,owner Owned by Brad Childs Managers Racheal Kelley This store participates in Join Now  Meet Our Sta,4.6,187,https://serpapi.com/search.json?engine=google_maps&google_domain=google.com&hl=en&place_id=ChIJwQCBPVlVOYYR-D-XF66-yXk
Mongolian Grill & Sushi Bar,"3104 Edgar Brown Dr, Orange, TX 77630",(409) 883-8533,http://mongoliansushi.com/,,,4.4,834,https://serpapi.com/search.json?engine=google_maps&google_domain=google.com&hl=en&place_id=ChIJoXubo3urPoYRF9Y2vtXDMNI
Old Orange Cafe & Catering Co,"914 Division Ave, Orange, TX 77630",(409) 883-2233,http://www.oldorangecafe.com/,chefdavid@oldorangecafe.com,"Contact 
 
 
 
 
 
 
 
 
 
 
 
 
 
 
 
 
 
 
 
 
 
 
 
 
 
 
 
 
 
 
 
                      Contact",4.7,535,https://serpapi.com/search.json?engine=google_maps&google_domain=google.com&hl=en&place_id=ChIJ_exIdBwAPIYRdkrtBKKGdPE
Chili's Grill & Bar,"292 Strickland Dr, Orange, TX 77630",(409) 886-2400,https://www.chilis.com/locations/us/texas/orange/pinehurst?utm_source=google&utm_medium=local&utm_campaign=Chilis,,,3.8,1242,https://serpapi.com/search.json?engine=google_maps&google_domain=google.com&hl=en&place_id=ChIJRVK9M8iqPoYRoGhHafbftDM
Freeport,Texas,,http://www.freeport.tx.us/,,,0.0,0,https://serpapi.com/search.json?engine=google_maps&google_domain=google.com&hl=en&place_id=ChIJreejYVlZQIYRunzTeyGF5kI
Ten Pin Entertainment,"1040 S Velasco St, Angleton, TX 77515",(979) 331-3118,http://tenpinentertainment.com/,tenpinentertainment2019@outlook.com,,3.9,338,https://serpapi.com/search.json?engine=google_maps&google_domain=google.com&hl=en&place_id=ChIJgwHVox5dQIYRgopImABNkGo
Lake Jackson Recreation Center,"91 Lake Rd, Lake Jackson, TX 77566",(979) 297-4533,https://www.lakejackson-tx.gov/248/Recreation-Center,"acharles@lakejacksontx.gov, j.phillips@lakejacksontx.gov, a.charles@lakejacksontx.gov, r.hyden@lakejacksontx.gov",,4.5,408,https://serpapi.com/search.json?engine=google_maps&google_domain=google.com&hl=en&place_id=ChIJLwZ5epJDQIYRO9pjKxhZAI8
Freeport Lanes Inc,"1100 W Galena Ave #3, Freeport, IL 61032",(815) 235-6145,https://www.bowlfreeport.com/,,,4.7,12,https://serpapi.com/search.json?engine=google_maps&google_domain=google.com&hl=en&place_id=ChIJdUXOKOxrCIgRoS4hlLbV5OU
4 Seasons Bowling Center,"1100 W Galena Ave, Freeport, IL 61032",(815) 235-6145,http://www.4seasonsbowl.com/,,,4.2,253,https://serpapi.com/search.json?engine=google_maps&google_domain=google.com&hl=en&place_id=ChIJlWFFNuxrCIgR71InGR-ilkM
Urban Air Trampoline and Adventure Park,"100 TX-332 #1432, Lake Jackson, TX 77566",(979) 307-7793,https://www.urbanair.com/texas-lakejackson/?utm_source=gmb&utm_medium=website,,,4.2,570,https://serpapi.com/search.json?engine=google_maps&google_domain=google.com&hl=en&place_id=ChIJValK_HtDQIYR01lCsQdwRpM
El Campo Bowling Center,"806 West Loop, El Campo, TX 77437",(979) 543-9999,http://www.ecbowl.com/,,,4.1,141,https://serpapi.com/search.json?engine=google_maps&google_domain=google.com&hl=en&place_id=ChIJyXydeJqDQYYRMD-shrhdqh8
Schulman's Movie Bowl Grille - Bay City,"6655 7th St Suite 100, Bay City, TX 77414",(979) 429-2610,http://www.moviebowlgrille.com/,,,4.6,2601,https://serpapi.com/search.json?engine=google_maps&google_domain=google.com&hl=en&place_id=ChIJiTuWdvK5QYYRwPYN_4gnqyM
Perfect Lines Parking Lot Striping,"101 W 4th St, Freeport, TX 77541",(936) 758-7740,https://www.perfectlinesparkinglotstriping.com/parking-lot-striping-freeport-tx/,,,5,9,https://serpapi.com/search.json?engine=google_maps&google_domain=google.com&hl=en&place_id=ChIJ_9g9Hq9rQIYRMU_H-idYFEY
Oil Bowl Lanes,"1102 W Cotton St, Longview, TX 75604",(903) 758-9961,https://oil-bowl.com/,,,4,860,https://serpapi.com/search.json?engine=google_maps&google_domain=google.com&hl=en&place_id=ChIJuxMjR_k4NoYRJL3944bz4sM
Quick Lane Tire & Auto Center,"220 Grapevine Turn, Lake Jackson, TX 77566",(979) 529-9900,http://www.quicklane.com/LakeJackson,,,4.4,213,https://serpapi.com/search.json?engine=google_maps&google_domain=google.com&hl=en&place_id=ChIJszvBzjZDQIYRK7hLmDodssw
